Order_ID,Customer_ID,Product_ID,Quantity,Order_Date,Order_Time,Delivery_Date,Delivery_Time,Location,Occasion,Month,Delivery_Days
1,C037,67,5,24-02-23,23:48:13,03-05-23,7:27:10,Bardhaman,Anniversary,February,68
2,C019,41,2,11-07-23,23:30:18,13-11-23,7:16:17,Jaipur,Diwali,July,125
3,C029,67,5,14-07-23,19:12:03,19-07-23,17:39:00,Bilaspur,Anniversary,July,5
4,C012,14,5,07-10-23,4:44:29,19-07-23,6:33:23,Guwahati,Birthday,October,-80
5,C078,58,2,02-11-23,19:44:48,18-02-23,11:08:52,Rajkot,Valentine's Day,November,-257
6,C040,28,4,20-08-23,22:11:35,26-08-23,19:06:46,Sirsa,Raksha Bandhan,August,6
7,C009,45,2,05-08-23,1:45:13,13-05-23,10:07:17,Nanded,Birthday,August,-84
8,C097,43,3,11-08-23,19:20:02,14-11-23,8:44:45,Morena,Diwali,August,95
9,C044,27,4,20-08-23,23:39:51,29-08-23,23:59:54,Rajkot,Raksha Bandhan,August,9
10,C099,56,3,26-02-23,0:17:26,03-08-23,20:47:43,Ambala,Anniversary,February,158
11,C065,16,4,03-02-23,20:14:55,03-03-23,23:19:47,Belgaum,Holi,February,28
12,C097,38,3,07-12-23,8:28:56,20-07-23,23:34:57,Karnal,Birthday,December,-140
13,C024,20,3,24-02-23,16:47:16,03-04-23,2:27:37,Gandhidham,Anniversary,February,38
14,C042,60,1,11-08-23,3:46:06,15-11-23,12:08:02,Bilaspur,Diwali,August,96
15,C069,21,5,26-08-23,2:52:39,30-08-23,13:26:45,Pune,Raksha Bandhan,August,4
16,C013,20,3,16-02-23,15:06:11,20-02-23,22:14:21,Khammam,Anniversary,February,4
17,C056,60,2,11-04-23,11:31:33,13-11-23,18:40:13,Kota,Diwali,April,216
18,C072,23,4,12-10-23,10:46:15,12-11-23,0:20:29,Moradabad,Anniversary,October,31
19,C072,62,4,03-07-23,7:59:48,03-08-23,3:04:34,Vijayanagaram,Holi,July,31
20,C011,52,1,02-11-23,14:36:57,14-02-23,1:34:16,Madurai,Valentine's Day,November,-261
21,C090,32,1,02-09-23,11:20:52,02-12-23,11:36:26,Bathinda,Birthday,September,91
22,C054,43,1,11-09-23,1:05:28,14-11-23,9:49:47,Tenali,Diwali,September,64
23,C041,12,3,05-05-23,5:28:33,05-06-23,12:12:24,Ludhiana,Anniversary,May,31
24,C018,42,3,25-07-23,5:10:42,08-03-23,7:57:35,Durg,All Occasions,July,-139
25,C091,30,3,21-07-23,10:46:57,24-07-23,14:28:42,Panipat,Anniversary,July,3
26,C040,6,3,03-06-23,5:03:06,03-12-23,6:06:11,Amroha,Holi,June,183
27,C063,9,2,22-08-23,11:16:28,30-08-23,7:59:12,Raipur,Raksha Bandhan,August,8
28,C088,42,3,05-05-23,3:25:25,05-10-23,7:55:04,Guwahati,All Occasions,May,153
29,C064,10,5,22-09-23,1:06:22,10-01-23,14:29:16,Kollam,Birthday,September,-255
30,C044,23,4,13-01-23,9:23:33,15-01-23,13:36:58,Bulandshahr,Anniversary,January,2
31,C029,7,5,28-02-23,13:13:22,03-03-23,23:35:49,Nandyal,Holi,February,3
32,C065,7,5,03-04-23,15:36:41,03-05-23,15:54:10,Pudukkottai,Holi,April,30
33,C047,8,3,15-04-23,1:37:27,25-04-23,2:13:27,Amroha,Anniversary,April,10
34,C071,17,2,10-01-23,22:58:15,10-05-23,5:36:46,Tirupati,Anniversary,January,120
35,C055,7,5,03-02-23,16:10:26,03-05-23,15:00:40,Asansol,Holi,February,89
36,C029,66,1,03-04-23,10:28:53,14-03-23,8:14:49,New Delhi,Holi,April,-20
37,C096,19,5,02-10-23,11:01:04,15-02-23,21:19:36,Katni,Valentine's Day,October,-229
38,C067,37,3,11-11-23,12:30:28,14-11-23,12:24:51,Indore,Diwali,November,3
39,C054,43,2,11-02-23,19:25:58,11-04-23,13:28:42,Vellore,Diwali,February,59
40,C066,48,4,11-02-23,14:15:10,11-05-23,4:29:54,Raiganj,Diwali,February,89
41,C047,54,4,06-08-23,19:19:50,06-10-23,14:29:42,Saharsa,Anniversary,August,61
42,C080,35,1,26-02-23,0:08:38,03-07-23,17:18:28,Faridabad,Holi,February,127
43,C046,49,3,02-12-23,22:31:16,16-02-23,2:47:47,Sambalpur,Valentine's Day,December,-289
44,C006,14,1,17-07-23,21:57:56,27-07-23,10:48:09,Bhavnagar,Birthday,July,10
45,C097,61,5,28-04-23,14:26:26,29-04-23,6:16:36,Haldia,Anniversary,April,1
46,C059,22,4,18-04-23,3:21:11,23-04-23,8:02:45,Guna,All Occasions,April,5
47,C013,7,5,26-02-23,13:04:28,28-02-23,6:00:20,Jaipur,Holi,February,2
48,C031,65,4,11-12-23,20:00:30,16-11-23,5:31:42,Delhi,All Occasions,December,-25
49,C020,43,1,11-11-23,17:44:30,18-11-23,13:49:52,Nangloi Jat,Diwali,November,7
50,C014,41,4,11-09-23,6:56:33,16-11-23,10:19:22,Jamalpur,Diwali,September,66
51,C036,10,1,15-03-23,9:23:49,19-03-23,16:46:40,Agartala,Birthday,March,4
52,C023,9,1,29-08-23,19:55:22,09-07-23,4:22:02,Hospet,Raksha Bandhan,August,-51
53,C045,9,5,20-08-23,8:25:45,27-08-23,5:59:31,Kozhikode,Raksha Bandhan,August,7
54,C059,30,1,13-04-23,9:55:01,23-04-23,14:30:59,Ratlam,Anniversary,April,10
55,C040,5,1,02-08-23,8:01:07,13-02-23,7:42:58,Kottayam,All Occasions,August,-170
56,C095,58,5,02-08-23,12:11:48,13-02-23,18:51:59,Danapur,Valentine's Day,August,-170
57,C090,35,5,26-02-23,8:00:15,03-06-23,12:27:32,Ahmedabad,Holi,February,97
58,C077,36,1,01-06-23,2:51:30,15-01-23,8:26:18,Amravati,Birthday,June,-137
59,C041,51,5,26-06-23,3:56:15,28-06-23,20:10:04,Thiruvananthapuram,All Occasions,June,2
60,C023,5,2,13-12-23,6:46:45,15-12-23,13:03:56,Darbhanga,All Occasions,December,2
61,C058,44,2,11-08-23,22:26:25,11-10-23,8:08:31,Panihati,Diwali,August,61
62,C074,6,4,03-02-23,15:30:51,03-06-23,23:51:40,Jorhat,Holi,February,120
63,C056,42,3,25-06-23,6:22:38,26-06-23,15:40:04,Munger,All Occasions,June,1
64,C015,25,1,06-12-23,2:48:39,15-06-23,22:05:41,Chittoor,Anniversary,December,-174
65,C033,54,2,09-01-23,13:02:28,09-11-23,6:33:52,Berhampur,Anniversary,January,304
66,C017,35,5,26-02-23,21:00:44,27-02-23,6:25:58,Munger,Holi,February,1
67,C047,10,2,07-06-23,17:28:21,14-07-23,21:11:01,Thrissur,Birthday,June,37
68,C050,34,4,25-08-23,22:43:58,31-08-23,21:31:14,Ahmedabad,Raksha Bandhan,August,6
69,C091,12,4,09-02-23,19:21:41,09-08-23,9:30:02,Hyderabad,Anniversary,February,181
70,C037,17,1,28-09-23,4:21:09,10-03-23,11:44:33,Vijayanagaram,Anniversary,September,-202
71,C013,9,5,20-08-23,16:32:06,28-08-23,13:31:32,Karnal,Raksha Bandhan,August,8
72,C058,26,3,03-03-23,15:49:26,03-12-23,17:34:10,Bally,Holi,March,275
73,C057,26,1,03-03-23,12:52:36,03-11-23,1:28:36,Farrukhabad,Holi,March,245
74,C024,31,3,01-01-23,20:55:22,01-07-23,9:02:03,Shivpuri,All Occasions,January,181
75,C009,65,2,04-06-23,11:10:24,04-09-23,23:00:34,Bally,All Occasions,June,92
76,C054,4,1,11-09-23,5:13:11,11-12-23,0:34:50,Anand,Diwali,September,91
77,C028,42,3,08-05-23,1:07:11,13-08-23,16:20:52,Kanpur,All Occasions,May,97
78,C062,11,2,02-04-23,13:00:09,02-08-23,20:31:15,Pallavaram,Valentine's Day,April,122
79,C010,40,2,06-01-23,17:29:30,06-11-23,7:34:53,Varanasi,Anniversary,January,304
80,C008,39,4,01-02-23,11:07:02,01-11-23,2:05:50,Salem,All Occasions,February,273
81,C053,1,5,22-02-23,18:29:21,03-03-23,7:09:32,Kalyan-Dombivli,All Occasions,February,9
82,C038,70,3,08-04-23,22:02:05,08-05-23,14:08:13,Gwalior,Birthday,April,30
83,C036,27,4,23-08-23,19:12:01,09-02-23,14:44:00,Asansol,Raksha Bandhan,August,-195
84,C032,47,1,03-04-23,3:31:50,03-06-23,7:02:20,Tirupati,Holi,April,61
85,C041,26,2,03-04-23,21:35:20,14-03-23,14:48:22,Agra,Holi,April,-20
86,C046,39,4,13-09-23,11:27:49,22-09-23,14:09:30,Sirsa,All Occasions,September,9
87,C055,2,5,02-04-23,13:17:21,02-11-23,23:06:36,Malda,Valentine's Day,April,214
88,C008,15,4,22-12-23,10:02:31,01-01-24,12:17:55,Avadi,Anniversary,December,10
89,C060,3,5,02-12-23,22:56:52,13-02-23,14:41:41,Aurangabad,Valentine's Day,December,-292
90,C088,41,3,11-09-23,20:54:16,18-11-23,17:48:35,Shahjahanpur,Diwali,September,68
91,C061,6,2,27-02-23,13:52:56,03-05-23,13:23:25,Mahbubnagar,Holi,February,65
92,C100,18,5,15-05-23,0:11:18,25-05-23,11:17:55,Rohtak,Birthday,May,10
93,C047,24,4,05-01-23,17:50:59,05-03-23,18:35:56,Warangal,Birthday,January,59
94,C099,69,5,03-02-23,14:51:08,03-11-23,8:14:49,Purnia,Holi,February,273
95,C039,70,4,29-05-23,7:54:41,06-03-23,7:16:33,Narasaraopet,Birthday,May,-84
96,C099,25,3,14-03-23,15:00:21,23-03-23,8:56:06,Latur,Anniversary,March,9
97,C041,41,1,11-03-23,20:11:32,11-08-23,1:35:25,Bhavnagar,Diwali,March,153
98,C031,8,1,30-10-23,15:26:00,11-01-23,16:34:28,Bulandshahr,Anniversary,October,-292
99,C050,38,3,11-04-23,14:00:46,11-05-23,15:44:38,Burhanpur,Birthday,April,30
100,C055,42,5,05-09-23,5:50:07,17-05-23,5:30:26,Bhiwani,All Occasions,September,-111
101,C064,70,4,19-06-23,3:56:52,21-06-23,6:18:37,Belgaum,Birthday,June,2
102,C081,10,3,28-10-23,19:34:14,11-06-23,7:06:35,Ozhukarai,Birthday,October,-139
103,C097,18,3,02-01-23,12:24:59,02-08-23,22:51:39,Ichalkaranji,Birthday,January,212
104,C082,51,3,29-12-23,1:45:29,01-05-24,0:15:28,Ahmednagar,All Occasions,December,124
105,C063,36,2,02-11-23,2:57:36,21-02-23,1:34:10,Guna,Birthday,November,-254
106,C095,41,2,11-06-23,17:55:46,11-08-23,23:00:28,Chinsurah,Diwali,June,61
107,C041,4,3,11-06-23,10:18:07,11-12-23,14:20:21,Gorakhpur,Diwali,June,183
108,C012,26,4,27-02-23,9:03:26,03-05-23,8:03:05,Berhampore,Holi,February,65
109,C074,50,5,27-02-23,15:35:48,03-01-23,8:38:56,Gandhidham,Holi,February,-55
110,C075,26,2,03-04-23,11:23:44,13-03-23,8:27:31,Kishanganj,Holi,April,-21
111,C009,8,3,21-06-23,14:18:57,25-06-23,21:03:57,Ramgarh,Anniversary,June,4
112,C023,37,3,11-11-23,6:36:04,14-11-23,15:50:59,Kochi,Diwali,November,3
113,C032,1,3,14-11-23,15:30:30,23-11-23,4:26:47,Bulandshahr,All Occasions,November,9
114,C009,40,4,02-03-23,16:03:15,02-07-23,2:22:48,Kirari Suleman Nagar,Anniversary,March,122
115,C095,57,1,28-04-23,18:11:22,05-05-23,11:36:31,Jhansi,Birthday,April,7
116,C009,4,3,11-11-23,14:28:05,20-11-23,5:25:26,Howrah,Diwali,November,9
117,C033,59,3,20-08-23,18:50:05,22-08-23,3:43:01,Loni,Raksha Bandhan,August,2
118,C035,62,1,27-02-23,14:30:59,03-05-23,10:32:52,Bhavnagar,Holi,February,65
119,C010,6,4,03-04-23,11:02:10,03-12-23,12:22:18,Fatehpur,Holi,April,244
120,C050,61,1,25-12-23,22:26:37,31-12-23,9:57:24,Kalyan-Dombivli,Anniversary,December,6
121,C048,33,3,02-05-23,2:18:55,02-09-23,7:29:31,Guntur,Valentine's Day,May,123
122,C083,24,5,10-03-23,9:04:23,13-10-23,3:15:14,Gulbarga,Birthday,March,217
123,C026,38,1,15-01-23,0:31:09,25-01-23,4:58:43,Malegaon,Birthday,January,10
124,C030,67,4,21-07-23,8:44:55,23-07-23,5:23:44,Bhilwara,Anniversary,July,2
125,C020,31,2,19-03-23,9:12:11,25-03-23,14:36:11,Kolkata,All Occasions,March,6
126,C040,19,5,02-04-23,2:28:24,13-02-23,13:16:38,Dharmavaram,Valentine's Day,April,-48
127,C051,60,4,11-02-23,14:04:38,11-03-23,19:25:01,Dhanbad,Diwali,February,28
128,C065,12,3,03-06-23,16:50:28,13-03-23,15:11:19,Kochi,Anniversary,June,-82
129,C051,67,2,17-02-23,5:21:30,20-02-23,8:17:32,Ramgarh,Anniversary,February,3
130,C070,10,5,22-04-23,13:32:41,27-04-23,22:01:54,Darbhanga,Birthday,April,5
131,C078,3,5,02-04-23,20:30:50,02-11-23,8:29:03,Satara,Valentine's Day,April,214
132,C045,49,4,02-04-23,23:23:41,13-02-23,19:55:48,Thoothukudi,Valentine's Day,April,-48
133,C018,43,5,11-10-23,15:51:54,16-11-23,11:22:51,Tiruppur,Diwali,October,36
134,C036,69,5,03-05-23,19:12:46,14-03-23,4:58:29,Malda,Holi,May,-50
135,C087,30,2,13-12-23,10:20:09,14-12-23,15:43:20,Bokaro,Anniversary,December,1
136,C036,56,1,09-05-23,16:08:59,09-09-23,22:12:18,Guna,Anniversary,May,123
137,C070,47,2,03-05-23,16:06:24,03-11-23,7:29:21,Warangal,Holi,May,184
138,C022,57,4,03-11-23,9:33:56,18-03-23,6:02:40,Siliguri,Birthday,November,-230
139,C055,54,4,05-11-23,4:14:45,16-05-23,18:12:44,Amritsar,Anniversary,November,-173
140,C015,47,1,03-04-23,6:19:35,13-03-23,21:29:35,Bharatpur,Holi,April,-21
141,C062,35,4,28-02-23,3:55:06,03-10-23,2:31:56,Allahabad,Holi,February,217
142,C029,23,2,23-10-23,2:31:13,27-10-23,4:24:16,Bharatpur,Anniversary,October,4
143,C087,66,2,28-02-23,7:37:18,03-10-23,14:49:54,Ramagundam,Holi,February,217
144,C090,51,5,18-01-23,9:01:03,23-01-23,3:23:15,Srinagar,All Occasions,January,5
145,C055,59,5,29-08-23,16:52:56,09-03-23,13:04:25,Kumbakonam,Raksha Bandhan,August,-173
146,C030,52,5,13-02-23,18:23:55,16-02-23,4:07:37,Vijayawada,Valentine's Day,February,3
147,C080,8,4,17-03-23,19:28:15,23-03-23,13:51:11,Jodhpur,Anniversary,March,6
148,C046,24,3,12-05-23,2:09:08,12-07-23,8:57:38,Gopalpur,Birthday,May,61
149,C008,5,3,10-06-23,23:23:09,10-09-23,20:09:12,Mangalore,All Occasions,June,92
150,C092,27,5,26-08-23,7:18:17,29-08-23,16:56:13,Bidar,Raksha Bandhan,August,3
151,C051,43,1,11-03-23,21:42:26,11-10-23,3:56:02,Jalna,Diwali,March,214
152,C084,51,2,27-02-23,10:48:51,03-05-23,16:39:22,Tiruppur,All Occasions,February,65
153,C094,16,4,03-04-23,12:15:00,03-10-23,6:04:43,Rewa,Holi,April,183
154,C049,45,5,21-11-23,23:14:18,25-11-23,2:04:59,Indore,Birthday,November,4
155,C023,23,3,05-01-23,14:46:58,05-06-23,0:00:30,Sambhal,Anniversary,January,151
156,C030,61,2,02-09-23,8:20:50,02-12-23,10:49:14,Ozhukarai,Anniversary,September,91
157,C019,35,3,26-02-23,12:44:17,03-06-23,11:35:44,Thiruvananthapuram,Holi,February,97
158,C007,35,2,03-03-23,15:40:17,03-08-23,2:53:01,Medininagar,Holi,March,153
159,C095,43,3,11-09-23,21:31:39,11-11-23,4:55:56,Davanagere,Diwali,September,61
160,C037,36,3,06-02-23,0:28:57,06-10-23,7:52:59,Moradabad,Birthday,February,242
161,C054,58,3,13-02-23,3:08:06,14-02-23,23:12:01,Karaikudi,Valentine's Day,February,1
162,C050,55,3,27-08-23,6:14:31,09-05-23,15:53:45,Barasat,Raksha Bandhan,August,-110
163,C083,54,4,17-02-23,19:50:10,25-02-23,10:20:16,Ujjain,Anniversary,February,8
164,C063,14,5,25-04-23,2:04:02,27-04-23,11:49:33,Berhampore,Birthday,April,2
165,C058,40,5,08-06-23,13:11:16,08-10-23,8:37:14,Lucknow,Anniversary,June,122
166,C035,4,3,11-07-23,23:05:28,11-10-23,6:12:46,Madanapalle,Diwali,July,92
167,C019,37,4,11-04-23,1:26:51,11-07-23,15:16:27,Nangloi Jat,Diwali,April,91
168,C092,35,2,03-04-23,15:36:03,03-07-23,11:02:42,Bidar,Holi,April,91
169,C051,3,2,02-06-23,10:28:57,16-02-23,1:26:19,Shivpuri,Valentine's Day,June,-106
170,C040,32,2,21-03-23,11:58:13,27-03-23,5:14:07,Kamarhati,Birthday,March,6
171,C071,54,3,30-06-23,11:47:49,07-08-23,12:27:06,Tiruvottiyur,Anniversary,June,38
172,C070,62,4,03-03-23,4:40:04,03-08-23,5:12:47,Patiala,Holi,March,153
173,C072,58,2,02-07-23,23:15:37,13-02-23,1:51:53,Deoghar,Valentine's Day,July,-139
174,C048,4,3,11-03-23,15:39:20,13-11-23,18:06:46,Malda,Diwali,March,247
175,C042,31,1,13-10-23,1:17:47,20-10-23,7:22:52,Navi Mumbai,All Occasions,October,7
176,C039,17,2,03-10-23,3:34:46,16-03-23,17:24:51,Moradabad,Anniversary,October,-201
177,C085,62,4,03-05-23,1:49:12,03-07-23,14:50:42,Satara,Holi,May,61
178,C097,61,1,14-11-23,23:04:31,16-11-23,2:14:23,Bhilai,Anniversary,November,2
179,C078,47,3,28-02-23,15:16:02,03-10-23,14:31:07,Vijayanagaram,Holi,February,217
180,C058,55,2,24-08-23,16:40:33,27-08-23,8:45:14,Nellore,Raksha Bandhan,August,3
181,C064,10,4,28-08-23,5:55:22,09-06-23,4:53:28,Howrah,Birthday,August,-80
182,C070,2,1,02-08-23,23:21:30,15-02-23,6:07:33,Chennai,Valentine's Day,August,-168
183,C082,48,3,11-09-23,18:11:41,11-11-23,15:29:26,Bahraich,Diwali,September,61
184,C027,52,3,02-11-23,21:34:53,20-02-23,5:00:29,Dharmavaram,Valentine's Day,November,-255
185,C068,18,1,05-07-23,7:10:45,17-05-23,20:00:43,Raurkela Industrial Township,Birthday,July,-49
186,C048,61,1,05-09-23,9:09:44,05-11-23,0:16:23,Kollam,Anniversary,September,61
187,C008,49,5,02-11-23,21:10:41,16-02-23,9:34:09,Anantapur,Valentine's Day,November,-259
188,C067,22,5,18-09-23,1:38:33,25-09-23,14:02:12,Serampore,All Occasions,September,7
189,C016,57,1,19-11-23,17:22:19,22-11-23,13:21:54,Srikakulam,Birthday,November,3
190,C096,60,5,11-09-23,12:33:49,13-11-23,13:41:24,Darbhanga,Diwali,September,63
191,C012,24,3,10-12-23,18:13:06,17-10-23,8:50:02,Etawah,Birthday,December,-54
192,C060,64,5,20-08-23,12:28:32,21-08-23,2:11:18,Vijayanagaram,Raksha Bandhan,August,1
193,C038,42,4,16-08-23,23:44:29,19-08-23,2:34:02,Nanded,All Occasions,August,3
194,C030,58,4,02-08-23,11:41:29,02-09-23,4:54:30,Pondicherry,Valentine's Day,August,31
195,C037,67,5,04-10-23,5:33:53,17-04-23,7:51:40,Jamalpur,Anniversary,October,-170
196,C063,30,2,08-05-23,9:37:50,13-08-23,8:58:06,Begusarai,Anniversary,May,97
197,C095,45,2,22-03-23,18:38:42,26-03-23,3:30:06,Etawah,Birthday,March,4
198,C090,24,2,27-08-23,22:33:37,09-04-23,1:09:50,Phagwara,Birthday,August,-140
199,C093,70,5,16-08-23,1:54:30,19-08-23,16:24:59,Bareilly,Birthday,August,3
200,C067,23,5,01-03-23,20:04:16,01-08-23,23:18:52,Agartala,Anniversary,March,153
201,C004,55,4,24-08-23,4:40:14,30-08-23,3:52:28,Dewas,Raksha Bandhan,August,6
202,C089,36,5,27-07-23,8:13:48,08-01-23,3:02:01,Bhimavaram,Birthday,July,-200
203,C039,9,5,29-08-23,5:39:00,09-08-23,22:40:14,Vijayanagaram,Raksha Bandhan,August,-20
204,C062,10,4,07-03-23,10:46:43,07-09-23,6:29:03,Jaipur,Birthday,March,184
205,C022,46,5,07-06-23,5:17:21,07-09-23,11:47:12,Davanagere,Anniversary,June,92
206,C099,68,3,02-11-23,22:12:16,13-02-23,12:42:01,Ulhasnagar,Valentine's Day,November,-262
207,C078,6,2,03-05-23,1:13:16,03-07-23,12:15:56,Amravati,Holi,May,61
208,C001,18,5,04-02-23,4:30:47,04-12-23,7:06:36,Kulti,Birthday,February,303
209,C071,70,2,22-06-23,0:44:32,23-06-23,21:44:32,Hajipur,Birthday,June,1
210,C095,32,4,12-10-23,0:46:32,15-12-23,8:02:35,Aligarh,Birthday,October,64
211,C043,31,5,22-10-23,18:14:59,29-10-23,17:40:03,Orai,All Occasions,October,7
212,C093,7,2,28-02-23,7:14:40,03-05-23,20:01:45,Ozhukarai,Holi,February,64
213,C022,42,5,14-02-23,8:26:18,24-02-23,8:58:11,Dehradun,All Occasions,February,10
214,C099,13,3,03-01-23,7:49:55,03-07-23,8:27:25,Durgapur,Holi,January,181
215,C098,17,1,21-05-23,3:54:26,24-05-23,12:37:34,Katni,Anniversary,May,3
216,C004,23,1,10-03-23,15:46:35,10-08-23,20:46:28,Bhatpara,Anniversary,March,153
217,C042,53,4,27-08-23,3:04:34,30-08-23,16:42:19,Rajkot,Raksha Bandhan,August,3
218,C061,31,4,13-06-23,22:55:11,16-06-23,3:06:01,Gurgaon,All Occasions,June,3
219,C027,16,5,03-05-23,0:36:07,03-11-23,10:36:05,Bhimavaram,Holi,May,184
220,C001,26,3,03-06-23,12:26:54,15-03-23,14:41:52,Jalandhar,Holi,June,-80
221,C076,28,4,21-08-23,2:11:04,30-08-23,14:00:35,Naihati,Raksha Bandhan,August,9
222,C099,6,5,26-02-23,5:57:25,03-07-23,18:20:50,Guntur,Holi,February,127
223,C051,49,2,02-05-23,8:44:25,13-02-23,10:17:59,Bhalswa Jahangir Pur,Valentine's Day,May,-78
224,C028,34,1,24-08-23,21:01:58,29-08-23,2:06:40,Suryapet,Raksha Bandhan,August,5
225,C093,52,5,02-05-23,12:12:26,02-06-23,18:01:06,Arrah,Valentine's Day,May,31
226,C064,14,2,09-08-23,8:48:50,09-12-23,11:20:36,Hospet,Birthday,August,122
227,C004,24,4,25-12-23,18:50:42,26-12-23,14:09:44,Surat,Birthday,December,1
228,C035,36,1,03-10-23,18:40:52,03-11-23,10:30:00,Bijapur,Birthday,October,31
229,C079,49,3,02-11-23,20:55:38,20-02-23,9:32:50,Junagadh,Valentine's Day,November,-255
230,C053,64,3,27-08-23,8:27:50,09-01-23,1:35:49,Mehsana,Raksha Bandhan,August,-230
231,C093,64,3,24-08-23,9:15:18,28-08-23,21:13:01,Proddatur,Raksha Bandhan,August,4
232,C044,28,3,22-08-23,12:06:09,23-08-23,9:00:02,Nadiad,Raksha Bandhan,August,1
233,C098,64,4,26-08-23,22:15:19,30-08-23,4:07:39,Nizamabad,Raksha Bandhan,August,4
234,C097,42,1,24-03-23,21:18:12,04-01-23,0:36:53,Khandwa,All Occasions,March,-79
235,C071,56,2,26-02-23,14:26:46,03-03-23,23:26:23,Bhilai,Anniversary,February,5
236,C044,23,5,09-03-23,6:33:52,09-11-23,2:10:18,Panvel,Anniversary,March,245
237,C024,55,1,26-08-23,9:23:53,30-08-23,8:19:20,Sasaram,Raksha Bandhan,August,4
238,C083,26,4,03-05-23,7:56:43,03-11-23,20:18:17,Jammu,Holi,May,184
239,C088,27,3,29-08-23,8:33:45,09-06-23,13:23:08,Gurgaon,Raksha Bandhan,August,-81
240,C074,5,5,25-03-23,6:03:38,30-03-23,15:43:28,Darbhanga,All Occasions,March,5
241,C067,20,2,09-05-23,9:52:16,09-07-23,8:58:21,Indore,Anniversary,May,61
242,C012,21,1,23-08-23,10:24:46,31-08-23,16:02:32,Amroha,Raksha Bandhan,August,8
243,C043,3,1,02-05-23,20:50:37,02-10-23,12:30:54,Siwan,Valentine's Day,May,153
244,C041,65,3,20-03-23,15:06:01,30-03-23,7:06:40,Guntakal,All Occasions,March,10
245,C020,50,3,03-05-23,6:25:26,03-11-23,9:30:30,Noida,Holi,May,184
246,C017,69,5,28-02-23,23:24:33,03-08-23,0:38:49,Agra,Holi,February,156
247,C052,23,4,10-11-23,5:58:48,16-10-23,2:58:46,Gudivada,Anniversary,November,-25
248,C044,19,5,02-08-23,8:43:41,02-10-23,4:15:01,Alwar,Valentine's Day,August,61
249,C003,14,2,09-10-23,22:22:16,19-09-23,23:17:36,Bareilly,Birthday,October,-20
250,C086,37,5,11-08-23,15:07:27,11-09-23,1:32:06,Korba,Diwali,August,31
251,C051,7,4,28-02-23,0:31:48,03-02-23,0:19:44,Khora ,Holi,February,-25
252,C040,69,2,26-02-23,5:41:28,28-02-23,8:11:16,Nandyal,Holi,February,2
253,C010,68,2,02-12-23,14:24:46,14-02-23,5:39:27,Bangalore,Valentine's Day,December,-291
254,C093,1,5,07-07-23,0:09:44,15-07-23,5:27:49,Bhilai,All Occasions,July,8
255,C092,45,2,27-12-23,3:42:35,01-06-24,9:23:14,Suryapet,Birthday,December,157
256,C065,4,5,11-06-23,19:13:49,14-11-23,18:05:55,Suryapet,Diwali,June,156
257,C077,21,3,22-08-23,15:42:59,24-08-23,22:39:39,Chinsurah,Raksha Bandhan,August,2
258,C044,46,5,16-04-23,5:40:39,20-04-23,20:05:32,Vijayawada,Anniversary,April,4
259,C001,62,1,03-05-23,15:21:54,03-10-23,0:04:01,Sirsa,Holi,May,153
260,C100,69,5,03-06-23,13:06:11,16-03-23,22:22:30,Satara,Holi,June,-79
261,C041,37,3,11-06-23,14:03:50,11-12-23,20:17:47,Malegaon,Diwali,June,183
262,C038,49,3,02-07-23,8:05:16,02-11-23,1:06:57,Tirunelveli,Valentine's Day,July,123
263,C081,57,4,03-12-23,9:35:10,13-03-23,15:22:01,Chittoor,Birthday,December,-265
264,C010,52,3,02-09-23,5:35:19,18-02-23,15:43:46,Asansol,Valentine's Day,September,-196
265,C060,58,1,02-10-23,21:17:18,18-02-23,6:28:33,Gudivada,Valentine's Day,October,-226
266,C038,36,1,05-12-23,13:46:56,13-05-23,19:20:09,Sonipat,Birthday,December,-206
267,C055,35,3,03-04-23,13:38:57,03-12-23,3:52:00,Chandrapur,Holi,April,244
268,C053,38,1,14-08-23,7:45:59,23-08-23,16:53:30,Katni,Birthday,August,9
269,C024,36,1,25-10-23,1:12:12,26-10-23,17:58:13,Raebareli,Birthday,October,1
270,C084,21,5,22-08-23,20:21:29,09-01-23,16:03:59,Avadi,Raksha Bandhan,August,-225
271,C039,36,5,23-06-23,18:27:42,30-06-23,18:20:05,Patna,Birthday,June,7
272,C016,12,1,04-08-23,9:40:05,18-04-23,20:13:56,Kumbakonam,Anniversary,August,-108
273,C047,10,2,22-11-23,16:12:35,24-11-23,1:52:48,Moradabad,Birthday,November,2
274,C078,41,5,11-02-23,6:37:51,11-12-23,20:53:36,Raebareli,Diwali,February,303
275,C028,29,1,03-02-23,4:13:47,03-05-23,1:17:39,Ranchi,Holi,February,89
276,C065,15,2,28-05-23,1:34:06,06-01-23,7:05:33,Muzaffarpur,Anniversary,May,-142
277,C062,34,5,23-08-23,19:16:40,29-08-23,15:50:18,Bhilai,Raksha Bandhan,August,6
278,C044,1,2,20-06-23,23:33:52,24-06-23,5:42:44,Ballia,All Occasions,June,4
279,C067,23,4,24-11-23,9:14:46,26-11-23,17:51:23,Chinsurah,Anniversary,November,2
280,C003,19,3,02-07-23,17:44:47,02-12-23,16:31:05,Mangalore,Valentine's Day,July,153
281,C008,15,3,21-09-23,20:36:47,25-09-23,10:27:14,Nellore,Anniversary,September,4
282,C092,41,2,11-11-23,10:20:49,19-11-23,22:11:40,Mangalore,Diwali,November,8
283,C086,23,2,23-11-23,2:51:34,30-11-23,18:21:40,Erode,Anniversary,November,7
284,C057,17,1,08-10-23,16:13:04,16-08-23,11:21:57,Aurangabad,Anniversary,October,-53
285,C082,7,5,26-02-23,17:26:44,03-01-23,12:52:20,Tirunelveli,Holi,February,-54
286,C098,50,3,03-06-23,20:05:40,03-12-23,2:41:27,Mango,Holi,June,183
287,C011,7,5,03-03-23,4:54:04,03-06-23,15:39:57,Muzaffarnagar,Holi,March,92
288,C035,34,2,21-08-23,15:58:58,23-08-23,20:42:36,Ballia,Raksha Bandhan,August,2
289,C018,30,4,29-08-23,23:40:01,09-06-23,2:50:06,Imphal,Anniversary,August,-81
290,C079,69,3,03-06-23,10:27:18,03-10-23,14:33:34,Alwar,Holi,June,122
291,C072,49,2,02-10-23,0:12:40,02-11-23,22:52:51,Nadiad,Valentine's Day,October,31
292,C053,54,1,27-09-23,22:43:35,10-03-23,1:44:47,Howrah,Anniversary,September,-201
293,C003,1,4,09-04-23,4:03:47,09-09-23,18:10:36,Tezpur,All Occasions,April,153
294,C047,26,5,03-01-23,21:04:18,03-03-23,19:44:54,Nagpur,Holi,January,59
295,C079,18,1,29-05-23,15:54:09,06-02-23,10:06:42,Tadepalligudem,Birthday,May,-112
296,C081,70,5,04-01-23,11:55:14,04-11-23,19:33:46,Tirunelveli,Birthday,January,304
297,C047,13,3,28-02-23,20:15:29,03-05-23,20:52:27,Phagwara,Holi,February,64
298,C057,3,1,02-11-23,23:06:29,02-12-23,2:17:43,Bahraich,Valentine's Day,November,30
299,C091,8,5,11-08-23,11:51:21,17-11-23,13:17:51,Vellore,Anniversary,August,98
300,C032,22,1,29-08-23,19:20:05,09-08-23,18:25:16,Tinsukia,All Occasions,August,-20
301,C070,6,3,27-02-23,6:24:22,03-04-23,16:52:16,Kota,Holi,February,35
302,C071,25,4,24-10-23,13:53:05,25-10-23,17:13:25,Dhanbad,Anniversary,October,1
303,C051,14,1,20-11-23,6:42:57,29-11-23,7:08:02,Narasaraopet,Birthday,November,9
304,C088,67,3,03-12-23,9:24:28,19-03-23,23:09:37,Tiruchirappalli,Anniversary,December,-259
305,C003,26,1,03-02-23,0:10:44,03-10-23,14:01:05,Lucknow,Holi,February,242
306,C085,49,4,02-04-23,11:35:51,02-12-23,6:38:00,Bellary,Valentine's Day,April,244
307,C042,3,1,02-04-23,21:37:54,02-08-23,11:28:10,Durgapur,Valentine's Day,April,122
308,C005,57,1,03-09-23,7:54:11,03-12-23,12:11:24,Haldia,Birthday,September,91
309,C071,60,4,11-10-23,6:38:43,13-11-23,5:14:33,Mangalore,Diwali,October,33
310,C061,38,3,20-08-23,12:24:22,24-08-23,15:42:48,Bhalswa Jahangir Pur,Birthday,August,4
311,C051,39,2,09-02-23,9:26:47,09-12-23,17:51:43,Mehsana,All Occasions,February,303
312,C044,9,1,22-08-23,18:27:36,27-08-23,6:01:14,Akola,Raksha Bandhan,August,5
313,C056,30,2,22-07-23,19:24:29,26-07-23,6:06:13,Thane,Anniversary,July,4
314,C029,43,4,11-05-23,11:48:41,15-11-23,4:55:25,Patiala,Diwali,May,188
315,C063,26,5,03-06-23,14:21:31,03-09-23,19:20:21,Ambattur,Holi,June,92
316,C048,2,5,02-11-23,21:35:05,15-02-23,7:21:50,Muzaffarnagar,Valentine's Day,November,-260
317,C014,29,3,03-07-23,18:51:27,15-03-23,16:12:50,Ahmednagar,Holi,July,-110
318,C038,26,5,03-07-23,12:15:49,03-11-23,15:59:47,Hosur,Holi,July,123
319,C044,64,1,20-08-23,6:23:07,26-08-23,22:44:23,Bikaner,Raksha Bandhan,August,6
320,C007,13,1,03-01-23,7:49:55,03-08-23,8:38:21,Bijapur,Holi,January,212
321,C049,12,5,03-08-23,11:27:05,17-03-23,9:51:43,Rampur,Anniversary,August,-139
322,C056,15,1,04-11-23,8:32:11,15-04-23,3:30:27,Udaipur,Anniversary,November,-203
323,C013,23,2,02-09-23,18:13:04,02-10-23,10:22:35,Khora ,Anniversary,September,30
324,C073,14,2,02-02-23,18:47:28,02-11-23,15:34:54,North Dumdum,Birthday,February,273
325,C091,27,5,25-08-23,18:30:45,09-04-23,20:02:37,Amritsar,Raksha Bandhan,August,-138
326,C088,34,3,27-08-23,15:39:05,09-03-23,15:33:32,Panchkula,Raksha Bandhan,August,-171
327,C048,51,1,24-09-23,9:29:05,26-09-23,20:09:05,Muzaffarnagar,All Occasions,September,2
328,C024,23,3,17-04-23,17:51:38,22-04-23,8:59:18,Maheshtala,Anniversary,April,5
329,C095,17,3,26-08-23,2:22:03,09-04-23,3:08:52,Nashik,Anniversary,August,-139
330,C059,59,2,24-08-23,20:25:09,09-01-23,12:26:20,Shahjahanpur,Raksha Bandhan,August,-227
331,C023,41,5,11-04-23,21:49:56,11-05-23,14:13:32,Patna,Diwali,April,30
332,C052,20,5,04-11-23,20:14:13,18-04-23,14:10:44,Khammam,Anniversary,November,-200
333,C100,22,5,02-09-23,6:19:15,02-10-23,3:46:29,South Dumdum,All Occasions,September,30
334,C066,53,1,28-08-23,21:19:46,09-01-23,22:03:03,Patiala,Raksha Bandhan,August,-231
335,C013,17,2,11-06-23,2:09:35,11-08-23,2:23:24,Sri Ganganagar,Anniversary,June,61
336,C069,53,1,20-08-23,4:32:24,25-08-23,19:54:17,Tiruchirappalli,Raksha Bandhan,August,5
337,C008,24,3,16-05-23,14:21:12,22-05-23,20:26:13,Siwan,Birthday,May,6
338,C087,21,3,20-08-23,14:15:51,28-08-23,1:34:07,Panchkula,Raksha Bandhan,August,8
339,C083,8,1,20-09-23,20:07:19,29-09-23,10:50:19,Sirsa,Anniversary,September,9
340,C076,38,3,14-07-23,7:53:01,22-07-23,2:56:01,Davanagere,Birthday,July,8
341,C028,9,2,20-08-23,14:54:35,30-08-23,22:32:13,Ongole,Raksha Bandhan,August,10
342,C062,36,5,11-03-23,4:03:43,11-08-23,16:26:16,Salem,Birthday,March,153
343,C006,66,3,03-06-23,14:12:40,03-09-23,9:27:05,Parbhani,Holi,June,92
344,C020,28,5,29-08-23,17:06:22,09-03-23,6:28:07,Tiruvottiyur,Raksha Bandhan,August,-173
345,C056,45,4,15-09-23,15:40:42,23-09-23,23:11:31,Bellary,Birthday,September,8
346,C090,50,1,03-04-23,23:24:17,03-12-23,16:46:34,Pondicherry,Holi,April,244
347,C034,34,2,29-08-23,9:46:21,09-08-23,8:37:09,Shimoga,Raksha Bandhan,August,-20
348,C060,30,2,28-11-23,20:33:37,12-07-23,12:02:59,Kalyan-Dombivli,Anniversary,November,-139
349,C017,44,4,11-11-23,3:32:37,11-12-23,10:31:13,Junagadh,Diwali,November,30
350,C020,19,3,13-02-23,12:22:57,22-02-23,16:26:10,Kolkata,Valentine's Day,February,9
351,C099,1,1,16-01-23,15:11:07,25-01-23,22:29:59,Bhilai,All Occasions,January,9
352,C080,28,1,23-08-23,23:49:45,09-02-23,9:14:52,Bellary,Raksha Bandhan,August,-195
353,C089,55,2,21-08-23,9:43:27,24-08-23,14:12:14,Korba,Raksha Bandhan,August,3
354,C087,13,5,26-02-23,17:25:28,03-06-23,9:43:32,Narasaraopet,Holi,February,97
355,C099,10,1,24-12-23,4:52:44,01-02-24,9:38:33,Satara,Birthday,December,39
356,C028,14,1,07-08-23,0:41:40,07-09-23,4:31:42,Panvel,Birthday,August,31
357,C063,62,4,03-03-23,20:01:18,13-03-23,20:55:34,Kavali,Holi,March,10
358,C040,55,1,20-08-23,16:53:29,25-08-23,13:30:37,Secunderabad,Raksha Bandhan,August,5
359,C052,47,2,28-02-23,12:13:36,03-05-23,20:31:30,Nagpur,Holi,February,64
360,C099,41,1,11-06-23,3:11:57,11-09-23,17:45:31,Belgaum,Diwali,June,92
361,C049,47,4,03-03-23,6:09:56,03-11-23,8:33:10,Rajkot,Holi,March,245
362,C041,31,2,03-10-23,3:40:01,17-03-23,10:35:23,Nashik,All Occasions,October,-200
363,C022,15,2,27-11-23,19:01:01,12-05-23,1:50:36,Bhavnagar,Anniversary,November,-199
364,C003,43,3,11-08-23,6:09:01,11-09-23,4:37:33,Satara,Diwali,August,31
365,C028,8,5,06-01-23,15:31:47,06-04-23,10:15:29,Agra,Anniversary,January,90
366,C033,3,3,02-08-23,23:15:47,16-02-23,10:51:38,Kolkata,Valentine's Day,August,-167
367,C010,47,5,03-03-23,0:44:09,03-12-23,15:05:03,South Dumdum,Holi,March,275
368,C042,6,3,03-04-23,23:03:22,03-06-23,2:52:10,Nashik,Holi,April,61
369,C014,63,3,08-07-23,7:23:44,15-08-23,4:28:30,Jammu,All Occasions,July,38
370,C073,54,2,07-09-23,5:57:39,13-07-23,19:01:40,Danapur,Anniversary,September,-56
371,C090,23,4,15-05-23,1:27:58,19-05-23,10:28:47,Davanagere,Anniversary,May,4
372,C006,25,3,11-08-23,19:04:25,18-11-23,18:28:46,Kamarhati,Anniversary,August,99
373,C026,65,2,06-07-23,20:49:11,06-10-23,23:57:40,North Dumdum,All Occasions,July,92
374,C087,4,1,11-07-23,7:47:32,11-09-23,22:32:44,Guna,Diwali,July,62
375,C091,46,1,02-11-23,4:16:25,20-02-23,19:37:38,Mysore,Anniversary,November,-255
376,C097,10,2,14-05-23,20:18:32,19-05-23,23:48:02,Bulandshahr,Birthday,May,5
377,C013,55,4,26-08-23,8:34:06,31-08-23,11:47:09,Ghaziabad,Raksha Bandhan,August,5
378,C040,6,2,03-01-23,11:30:20,03-08-23,19:26:52,Hindupur,Holi,January,212
379,C078,66,1,03-03-23,23:31:41,03-06-23,10:44:03,Bhavnagar,Holi,March,92
380,C009,60,4,11-08-23,13:33:02,15-11-23,23:40:37,Bidhannagar,Diwali,August,96
381,C013,25,3,25-01-23,18:30:03,28-01-23,6:21:06,Tiruchirappalli,Anniversary,January,3
382,C003,24,1,06-03-23,10:02:19,13-06-23,21:53:48,Kamarhati,Birthday,March,99
383,C016,37,1,11-06-23,0:16:45,11-08-23,20:09:52,Panchkula,Diwali,June,61
384,C004,25,3,05-11-23,16:57:57,15-05-23,13:57:13,Bhilai,Anniversary,November,-174
385,C002,50,4,03-03-23,1:16:01,03-08-23,10:46:18,Alwar,Holi,March,153
386,C091,5,4,06-04-23,12:47:45,14-06-23,21:34:41,Jalandhar,All Occasions,April,69
387,C061,1,2,30-04-23,5:38:25,05-09-23,2:15:58,Ahmedabad,All Occasions,April,128
388,C066,36,2,11-10-23,0:15:10,18-11-23,10:37:06,Jalna,Birthday,October,38
389,C061,29,2,03-06-23,3:26:18,16-03-23,18:13:40,Mahbubnagar,Holi,June,-79
390,C043,26,4,03-03-23,15:40:56,03-10-23,23:02:07,Akola,Holi,March,214
391,C083,22,4,29-12-23,13:44:06,01-07-24,12:58:41,Bareilly,All Occasions,December,185
392,C085,4,2,11-05-23,3:18:55,11-06-23,18:53:09,Gangtok,Diwali,May,31
393,C087,17,5,14-11-23,11:01:18,22-11-23,16:10:46,Solapur,Anniversary,November,8
394,C028,38,5,23-03-23,4:26:37,31-03-23,19:25:58,Dewas,Birthday,March,8
395,C067,26,2,03-03-23,23:14:54,03-06-23,18:32:37,Hosur,Holi,March,92
396,C068,10,5,15-03-23,15:30:58,16-03-23,1:45:01,Tiruvottiyur,Birthday,March,1
397,C034,4,5,11-09-23,6:48:09,14-11-23,13:32:34,Junagadh,Diwali,September,64
398,C080,54,1,05-05-23,8:45:21,15-05-23,10:01:43,Dehradun,Anniversary,May,10
399,C008,68,1,02-08-23,6:21:47,15-02-23,7:08:14,Bareilly,Valentine's Day,August,-168
400,C083,45,3,05-07-23,14:05:01,15-05-23,18:10:53,Kumbakonam,Birthday,July,-51
401,C089,9,5,29-08-23,19:53:33,09-04-23,7:19:07,Bharatpur,Raksha Bandhan,August,-142
402,C037,29,1,03-05-23,16:42:29,03-08-23,13:32:50,Thrissur,Holi,May,92
403,C075,57,1,01-06-23,11:45:28,16-01-23,20:13:26,Chapra,Birthday,June,-136
404,C055,21,5,22-08-23,7:55:20,24-08-23,22:27:19,South Dumdum,Raksha Bandhan,August,2
405,C033,49,1,02-10-23,23:05:14,18-02-23,14:47:38,Guwahati,Valentine's Day,October,-226
406,C049,55,4,25-08-23,15:59:17,09-02-23,6:23:53,Srikakulam,Raksha Bandhan,August,-197
407,C074,69,3,26-02-23,8:52:11,28-02-23,4:09:44,Jamalpur,Holi,February,2
408,C063,31,2,03-05-23,12:19:26,03-11-23,4:41:38,Haldia,All Occasions,May,184
409,C049,50,4,26-02-23,17:43:59,28-02-23,19:44:57,Khammam,Holi,February,2
410,C025,24,1,01-01-23,20:20:49,01-02-23,5:57:06,Surendranagar Dudhrej,Birthday,January,31
411,C006,48,1,11-05-23,16:31:34,11-08-23,7:21:26,Nadiad,Diwali,May,92
412,C081,67,2,28-10-23,9:28:24,31-10-23,23:14:27,Maheshtala,Anniversary,October,3
413,C050,59,5,22-08-23,5:32:17,30-08-23,20:21:11,Amritsar,Raksha Bandhan,August,8
414,C034,7,4,28-02-23,21:18:11,03-07-23,1:07:31,Raurkela Industrial Township,Holi,February,125
415,C065,14,4,06-08-23,20:08:30,06-10-23,1:20:56,Hajipur,Birthday,August,61
416,C006,58,5,02-12-23,16:41:02,17-02-23,9:37:01,Saharanpur,Valentine's Day,December,-288
417,C004,62,4,03-07-23,22:40:40,03-11-23,5:56:33,Khammam,Holi,July,123
418,C069,64,3,24-08-23,13:17:22,09-01-23,11:37:10,Karimnagar,Raksha Bandhan,August,-227
419,C065,47,3,03-05-23,17:18:51,03-11-23,13:53:36,Agartala,Holi,May,184
420,C039,6,3,27-02-23,8:36:20,28-02-23,0:07:29,Kota,Holi,February,1
421,C066,38,4,08-08-23,20:16:30,08-12-23,19:04:00,Serampore,Birthday,August,122
422,C044,53,2,20-08-23,3:03:58,29-08-23,4:05:39,Eluru,Raksha Bandhan,August,9
423,C067,19,1,02-11-23,16:46:58,17-02-23,0:10:05,Alappuzha,Valentine's Day,November,-258
424,C072,7,4,03-01-23,3:04:56,03-09-23,10:27:03,Kishanganj,Holi,January,243
425,C071,56,1,30-09-23,0:02:06,10-09-23,22:59:28,North Dumdum,Anniversary,September,-20
426,C073,2,2,13-02-23,22:59:54,17-02-23,13:51:00,Kharagpur,Valentine's Day,February,4
427,C042,48,5,11-03-23,7:56:32,13-11-23,22:46:12,Gudivada,Diwali,March,247
428,C038,10,2,12-06-23,3:32:38,12-12-23,19:37:01,Khora ,Birthday,June,183
429,C007,9,5,22-08-23,22:46:57,31-08-23,12:43:52,Bahraich,Raksha Bandhan,August,9
430,C045,27,2,27-08-23,7:20:30,31-08-23,10:03:32,Rourkela,Raksha Bandhan,August,4
431,C057,1,4,13-12-23,19:13:43,19-12-23,21:02:24,Varanasi,All Occasions,December,6
432,C092,12,4,01-05-23,12:09:27,13-01-23,19:40:38,Ballia,Anniversary,May,-108
433,C068,7,5,26-02-23,23:33:51,03-02-23,4:19:56,Amravati,Holi,February,-23
434,C020,51,4,28-11-23,7:23:06,29-11-23,19:43:32,Kirari Suleman Nagar,All Occasions,November,1
435,C017,53,4,22-08-23,17:27:30,27-08-23,12:35:14,Mira-Bhayandar,Raksha Bandhan,August,5
436,C058,8,1,27-01-23,6:08:00,02-03-23,8:15:49,Salem,Anniversary,January,34
437,C010,55,1,24-08-23,6:30:47,27-08-23,22:56:38,Uluberia,Raksha Bandhan,August,3
438,C037,34,2,26-08-23,9:27:17,27-08-23,3:18:31,Tadepalligudem,Raksha Bandhan,August,1
439,C037,12,3,13-12-23,8:56:11,22-12-23,12:51:06,Hyderabad,Anniversary,December,9
440,C018,13,4,03-07-23,9:33:31,03-09-23,1:21:29,Gudivada,Holi,July,62
441,C052,26,2,26-02-23,11:23:56,03-06-23,16:38:50,Kurnool,Holi,February,97
442,C023,3,3,02-08-23,18:03:20,15-02-23,8:05:39,Khandwa,Valentine's Day,August,-168
443,C046,49,3,02-04-23,22:22:19,13-02-23,2:16:00,Secunderabad,Valentine's Day,April,-48
444,C021,60,3,11-02-23,1:01:13,11-09-23,9:54:20,Jalna,Diwali,February,212
445,C047,30,5,14-06-23,20:08:42,15-06-23,14:22:27,Karnal,Anniversary,June,1
446,C079,33,5,02-12-23,2:54:04,15-02-23,11:03:28,Bokaro,Valentine's Day,December,-290
447,C032,47,4,27-02-23,2:45:34,03-04-23,15:04:56,Bhilwara,Holi,February,35
448,C086,16,1,03-02-23,2:42:54,03-03-23,13:42:24,Bulandshahr,Holi,February,28
449,C045,49,4,13-02-23,3:18:26,16-02-23,10:09:41,Ichalkaranji,Valentine's Day,February,3
450,C096,39,5,12-02-23,7:58:05,12-12-23,10:09:58,Sri Ganganagar,All Occasions,February,303
451,C079,33,5,02-07-23,0:16:52,13-02-23,21:10:57,Ujjain,Valentine's Day,July,-139
452,C045,70,3,07-09-23,19:57:29,17-07-23,11:42:18,Mahbubnagar,Birthday,September,-52
453,C032,27,2,21-08-23,10:11:39,31-08-23,12:28:21,Varanasi,Raksha Bandhan,August,10
454,C088,3,2,02-07-23,23:26:49,02-09-23,1:21:56,Suryapet,Valentine's Day,July,62
455,C072,1,2,20-10-23,22:33:50,25-10-23,18:04:20,Eluru,All Occasions,October,5
456,C071,33,2,02-12-23,22:51:39,15-02-23,22:14:06,Nangloi Jat,Valentine's Day,December,-290
457,C036,22,5,27-05-23,13:55:39,29-05-23,16:38:25,Mirzapur,All Occasions,May,2
458,C054,32,2,19-07-23,17:21:30,24-07-23,20:32:44,Ramgarh,Birthday,July,5
459,C093,12,2,29-03-23,7:24:55,30-03-23,7:34:31,Ranchi,Anniversary,March,1
460,C007,29,2,03-04-23,7:58:33,03-06-23,0:07:26,Kolhapur,Holi,April,61
461,C083,12,4,22-06-23,8:12:37,27-06-23,14:52:56,Srinagar,Anniversary,June,5
462,C069,60,5,11-04-23,18:10:06,13-11-23,14:20:14,Kirari Suleman Nagar,Diwali,April,216
463,C078,18,3,24-09-23,22:23:47,30-09-23,0:52:03,Hazaribagh,Birthday,September,6
464,C014,18,3,07-05-23,3:04:25,07-08-23,13:38:45,Buxar,Birthday,May,92
465,C029,55,5,23-08-23,23:46:12,26-08-23,13:29:11,Madurai,Raksha Bandhan,August,3
466,C053,23,1,10-03-23,13:58:22,10-11-23,9:59:41,Bally,Anniversary,March,245
467,C056,53,1,28-08-23,14:18:44,09-02-23,15:20:11,Gandhidham,Raksha Bandhan,August,-200
468,C007,5,2,25-07-23,7:57:26,08-04-23,1:24:47,Rajahmundry,All Occasions,July,-108
469,C051,42,4,15-12-23,7:06:00,19-12-23,12:56:49,Kamarhati,All Occasions,December,4
470,C031,47,5,28-02-23,17:34:04,03-06-23,15:29:29,Bhavnagar,Holi,February,95
471,C092,23,2,31-01-23,12:09:01,02-10-23,5:50:06,Tirunelveli,Anniversary,January,244
472,C015,56,1,24-12-23,7:32:38,30-12-23,22:46:18,Khammam,Anniversary,December,6
473,C061,22,3,28-03-23,8:13:57,04-04-23,15:44:18,Giridih,All Occasions,March,7
474,C051,1,4,02-07-23,6:31:59,14-02-23,2:00:07,Dibrugarh,All Occasions,July,-138
475,C099,46,2,12-04-23,7:21:23,12-08-23,13:32:22,Jalgaon,Anniversary,April,122
476,C067,40,2,18-09-23,1:17:18,20-09-23,17:53:14,Moradabad,Anniversary,September,2
477,C099,33,4,02-12-23,17:18:09,14-02-23,3:11:52,Gangtok,Valentine's Day,December,-291
478,C003,11,5,02-08-23,1:11:21,02-09-23,9:50:19,Ambarnath,Valentine's Day,August,31
479,C071,11,1,02-07-23,17:48:21,02-11-23,10:48:13,Ghaziabad,Valentine's Day,July,123
480,C059,62,4,03-06-23,4:29:31,16-03-23,22:19:33,Sagar,Holi,June,-79
481,C044,12,5,21-08-23,0:00:53,25-08-23,18:36:25,Bhiwandi,Anniversary,August,4
482,C050,23,3,06-05-23,20:33:38,14-06-23,20:56:35,Ludhiana,Anniversary,May,39
483,C007,59,2,28-08-23,6:25:03,31-08-23,5:06:02,Pallavaram,Raksha Bandhan,August,3
484,C034,1,5,26-05-23,19:03:55,06-03-23,19:32:17,Morena,All Occasions,May,-81
485,C029,43,4,11-06-23,19:20:24,14-11-23,19:27:14,Bhubaneswar,Diwali,June,156
486,C030,24,1,25-07-23,14:34:30,30-07-23,16:58:35,Ambattur,Birthday,July,5
487,C053,51,1,01-05-23,16:46:57,01-09-23,4:28:18,Sasaram,All Occasions,May,123
488,C025,21,4,28-08-23,22:13:30,29-08-23,5:26:49,Nizamabad,Raksha Bandhan,August,1
489,C072,10,1,28-08-23,22:26:56,09-02-23,4:30:46,Kirari Suleman Nagar,Birthday,August,-200
490,C075,2,1,02-12-23,12:28:03,14-02-23,12:27:19,Eluru,Valentine's Day,December,-291
491,C095,30,1,24-10-23,6:14:34,11-02-23,22:59:20,Muzaffarnagar,Anniversary,October,-255
492,C047,33,2,02-04-23,13:54:25,13-02-23,12:04:33,Salem,Valentine's Day,April,-48
493,C035,11,1,02-05-23,22:11:24,02-06-23,15:43:11,Gopalpur,Valentine's Day,May,31
494,C082,7,4,28-02-23,3:11:22,03-08-23,19:06:48,Rewa,Holi,February,156
495,C007,20,1,28-08-23,17:42:29,29-08-23,22:51:31,Pimpri-Chinchwad,Anniversary,August,1
496,C021,11,4,02-09-23,14:31:57,16-02-23,13:05:41,Sambhal,Valentine's Day,September,-198
497,C081,64,2,29-08-23,20:14:01,09-01-23,4:42:56,Alwar,Raksha Bandhan,August,-232
498,C100,19,4,13-02-23,21:34:44,20-02-23,21:14:24,Bhusawal,Valentine's Day,February,7
499,C031,59,1,27-08-23,12:09:20,09-02-23,10:03:32,Ichalkaranji,Raksha Bandhan,August,-199
500,C013,61,2,29-06-23,10:07:52,07-05-23,12:14:25,Bongaigaon,Anniversary,June,-53
501,C066,46,2,09-02-23,16:27:41,09-08-23,7:33:36,Navi Mumbai,Anniversary,February,181
502,C099,22,5,24-06-23,5:33:20,30-06-23,0:55:44,Munger,All Occasions,June,6
503,C020,34,1,29-08-23,20:45:45,09-06-23,7:49:54,Dehri,Raksha Bandhan,August,-81
504,C058,25,1,14-07-23,13:04:42,24-07-23,5:20:36,Meerut,Anniversary,July,10
505,C028,45,3,06-02-23,13:19:25,06-05-23,1:59:32,Allahabad,Birthday,February,89
506,C058,55,4,27-08-23,8:52:04,09-02-23,11:43:24,Thrissur,Raksha Bandhan,August,-199
507,C028,13,4,03-07-23,0:28:11,13-03-23,20:11:36,Malda,Holi,July,-112
508,C035,69,1,26-02-23,17:29:28,03-04-23,7:11:06,Varanasi,Holi,February,36
509,C003,13,5,03-05-23,12:48:55,03-09-23,7:47:16,Uluberia,Holi,May,123
510,C017,54,5,12-08-23,13:00:05,17-12-23,6:14:47,Panipat,Anniversary,August,127
511,C055,47,2,27-02-23,12:58:05,03-04-23,0:46:11,Dibrugarh,Holi,February,35
512,C008,41,1,11-05-23,2:42:41,11-11-23,13:10:40,Ranchi,Diwali,May,184
513,C088,1,4,27-03-23,9:57:32,04-02-23,13:56:41,Nandyal,All Occasions,March,-51
514,C090,24,1,01-01-23,9:56:10,01-09-23,17:56:52,Allahabad,Birthday,January,243
515,C078,14,5,21-10-23,23:22:39,27-10-23,14:59:49,Unnao,Birthday,October,6
516,C020,22,2,07-05-23,20:52:56,07-06-23,1:06:20,Gaya,All Occasions,May,31
517,C064,60,5,11-09-23,1:01:13,17-11-23,19:04:55,Aligarh,Diwali,September,67
518,C045,45,3,04-09-23,4:46:41,15-04-23,19:40:46,Ahmednagar,Birthday,September,-142
519,C014,52,4,02-07-23,23:10:38,15-02-23,6:40:20,Hindupur,Valentine's Day,July,-137
520,C026,14,5,04-07-23,4:43:51,04-08-23,8:21:40,Mysore,Birthday,July,31
521,C062,33,5,02-04-23,21:00:17,02-08-23,2:28:38,Noida,Valentine's Day,April,122
522,C011,50,3,27-02-23,21:04:28,03-08-23,1:34:50,Avadi,Holi,February,157
523,C071,30,3,07-02-23,13:37:08,07-09-23,15:38:36,Muzaffarpur,Anniversary,February,212
524,C084,45,1,15-08-23,13:54:54,22-08-23,12:29:47,Jalandhar,Birthday,August,7
525,C033,16,2,03-02-23,20:06:08,03-11-23,22:22:35,Bhagalpur,Holi,February,273
526,C008,13,5,03-02-23,6:06:20,03-08-23,1:35:05,Bangalore,Holi,February,181
527,C036,33,3,02-11-23,12:51:40,19-02-23,15:58:07,Bardhaman,Valentine's Day,November,-256
528,C001,27,3,27-08-23,5:01:16,30-08-23,17:03:43,Tirunelveli,Raksha Bandhan,August,3
529,C013,64,2,25-08-23,15:47:28,28-08-23,14:05:18,Madurai,Raksha Bandhan,August,3
530,C008,5,2,19-08-23,10:45:21,27-08-23,0:23:56,Delhi,All Occasions,August,8
531,C029,28,5,29-08-23,13:32:08,09-07-23,8:43:11,Dehradun,Raksha Bandhan,August,-51
532,C036,30,5,09-02-23,13:25:06,09-10-23,2:55:07,Bharatpur,Anniversary,February,242
533,C006,14,3,18-04-23,7:19:52,20-04-23,17:43:45,Raurkela Industrial Township,Birthday,April,2
534,C061,31,2,27-11-23,3:40:16,12-04-23,11:22:37,Naihati,All Occasions,November,-229
535,C017,25,3,07-08-23,21:59:28,07-11-23,6:30:40,Saharsa,Anniversary,August,92
536,C048,59,3,25-08-23,15:14:52,30-08-23,11:13:10,Kota,Raksha Bandhan,August,5
537,C064,42,3,17-10-23,6:19:24,25-10-23,3:09:08,Korba,All Occasions,October,8
538,C097,24,5,18-05-23,13:09:06,19-05-23,22:36:16,Ghaziabad,Birthday,May,1
539,C056,20,3,06-09-23,15:39:18,16-06-23,14:17:05,Jehanabad,Anniversary,September,-82
540,C082,22,4,09-06-23,19:07:35,09-09-23,1:26:00,Morbi,All Occasions,June,92
541,C007,24,3,13-11-23,5:51:09,16-11-23,22:56:34,Sasaram,Birthday,November,3
542,C051,54,5,07-07-23,19:41:20,07-12-23,9:52:12,Satara,Anniversary,July,153
543,C023,51,4,02-12-23,21:51:10,17-02-23,11:53:09,Saharanpur,All Occasions,December,-288
544,C030,29,2,03-01-23,2:31:54,03-11-23,9:33:52,Belgaum,Holi,January,304
545,C083,9,5,20-08-23,1:54:52,26-08-23,8:07:19,Ratlam,Raksha Bandhan,August,6
546,C064,25,3,02-02-23,22:04:53,02-11-23,10:00:07,Motihari,Anniversary,February,273
547,C088,30,5,01-10-23,2:30:12,19-01-23,13:56:41,Ahmedabad,Anniversary,October,-255
548,C012,25,2,21-02-23,12:32:50,22-02-23,19:47:44,Gorakhpur,Anniversary,February,1
549,C021,64,1,22-08-23,19:29:43,09-01-23,2:29:10,Erode,Raksha Bandhan,August,-225
550,C023,29,5,27-02-23,19:28:12,03-05-23,17:03:39,Bettiah,Holi,February,65
551,C088,67,1,19-04-23,20:43:42,23-04-23,15:25:04,Kurnool,Anniversary,April,4
552,C064,31,3,05-10-23,18:59:31,05-11-23,17:09:07,Tezpur,All Occasions,October,31
553,C084,39,2,22-08-23,1:22:41,26-08-23,7:43:27,Alwar,All Occasions,August,4
554,C045,29,4,28-02-23,20:25:07,03-03-23,16:49:01,Sangli-Miraj & Kupwad,Holi,February,3
555,C100,56,4,28-06-23,12:05:43,30-06-23,17:58:12,Ratlam,Anniversary,June,2
556,C073,17,1,13-12-23,15:34:22,21-12-23,15:49:48,Cuttack,Anniversary,December,8
557,C039,47,3,03-01-23,3:00:42,03-08-23,2:10:39,Kavali,Holi,January,212
558,C091,64,3,22-08-23,0:42:58,25-08-23,0:24:52,Muzaffarpur,Raksha Bandhan,August,3
559,C084,45,1,19-12-23,16:37:11,26-12-23,18:35:43,Mau,Birthday,December,7
560,C019,39,2,08-04-23,12:52:20,08-09-23,9:50:53,Avadi,All Occasions,April,153
561,C099,49,5,02-12-23,12:24:35,21-02-23,17:23:34,Ghaziabad,Valentine's Day,December,-284
562,C066,24,4,08-09-23,9:18:20,16-08-23,1:34:07,Ranchi,Birthday,September,-23
563,C077,58,5,02-11-23,11:43:18,19-02-23,5:04:29,Jorhat,Valentine's Day,November,-256
564,C007,40,1,04-07-23,0:40:20,15-04-23,6:06:57,Gandhinagar,Anniversary,July,-80
565,C011,50,3,03-06-23,17:28:16,14-03-23,13:12:47,Mehsana,Holi,June,-81
566,C054,42,4,05-12-23,12:48:03,14-05-23,20:36:32,Patna,All Occasions,December,-205
567,C090,66,1,03-06-23,6:11:59,15-03-23,18:57:04,Unnao,Holi,June,-80
568,C056,10,1,29-06-23,20:55:39,07-08-23,13:16:14,Bhubaneswar,Birthday,June,39
569,C027,53,2,28-08-23,14:00:43,09-04-23,17:56:22,Purnia,Raksha Bandhan,August,-141
570,C056,69,3,28-02-23,11:25:04,03-09-23,0:53:55,Satna,Holi,February,187
571,C046,6,1,28-02-23,9:38:25,03-09-23,4:26:01,Bhatpara,Holi,February,187
572,C060,25,5,06-04-23,15:48:37,06-10-23,10:11:48,Kamarhati,Anniversary,April,183
573,C040,3,5,02-08-23,2:52:06,14-02-23,2:57:06,Thane,Valentine's Day,August,-169
574,C064,29,3,03-02-23,23:57:06,03-06-23,21:45:12,Kozhikode,Holi,February,120
575,C076,49,2,02-06-23,13:24:32,02-09-23,14:55:08,Kota,Valentine's Day,June,92
576,C074,53,4,20-08-23,7:04:37,26-08-23,8:01:59,Aurangabad,Raksha Bandhan,August,6
577,C008,20,4,28-10-23,14:51:26,11-05-23,18:50:45,Hazaribagh,Anniversary,October,-170
578,C008,18,4,31-07-23,18:27:40,08-06-23,16:43:25,Warangal,Birthday,July,-53
579,C092,29,2,03-07-23,21:38:40,14-03-23,10:45:06,Maheshtala,Holi,July,-111
580,C093,24,4,16-06-23,22:03:12,20-06-23,12:25:42,Bhatpara,Birthday,June,4
581,C082,18,2,07-02-23,2:08:23,07-11-23,14:56:59,Anand,Birthday,February,273
582,C019,3,4,02-04-23,18:30:31,02-05-23,19:16:41,Latur,Valentine's Day,April,30
583,C025,56,4,18-09-23,16:47:25,22-09-23,19:58:33,Hosur,Anniversary,September,4
584,C089,34,2,23-08-23,7:39:30,27-08-23,16:10:28,Eluru,Raksha Bandhan,August,4
585,C013,63,5,26-04-23,18:32:41,05-01-23,1:52:06,Bhubaneswar,All Occasions,April,-111
586,C068,64,5,27-08-23,21:04:38,09-04-23,16:30:39,Bilaspur,Raksha Bandhan,August,-140
587,C018,43,1,11-02-23,0:51:24,11-03-23,10:41:06,Panchkula,Diwali,February,28
588,C056,49,5,02-04-23,6:37:00,02-05-23,21:21:57,Kishanganj,Valentine's Day,April,30
589,C093,40,3,12-09-23,21:23:17,19-12-23,1:21:34,Lucknow,Anniversary,September,98
590,C006,23,2,19-01-23,21:36:21,23-01-23,5:53:50,Durg,Anniversary,January,4
591,C002,31,3,07-06-23,12:56:00,14-07-23,0:00:51,Surat,All Occasions,June,37
592,C007,47,5,03-07-23,3:27:03,03-11-23,21:41:23,Phusro,Holi,July,123
593,C016,58,3,02-05-23,17:30:40,02-12-23,9:34:03,Bhilai,Valentine's Day,May,214
594,C060,20,2,26-05-23,21:26:03,06-01-23,4:59:28,Varanasi,Anniversary,May,-140
595,C022,51,4,11-08-23,13:49:19,15-11-23,4:06:31,Dhanbad,All Occasions,August,96
596,C046,50,1,03-05-23,14:57:41,14-03-23,17:58:44,Tiruppur,Holi,May,-50
597,C074,16,1,03-01-23,1:05:53,03-06-23,2:49:44,Pimpri-Chinchwad,Holi,January,151
598,C054,37,3,11-11-23,2:51:23,18-11-23,21:53:27,Ratlam,Diwali,November,7
599,C004,34,1,21-08-23,19:32:24,24-08-23,12:13:52,Naihati,Raksha Bandhan,August,3
600,C095,47,4,03-07-23,21:24:39,03-09-23,15:17:19,Shimla,Holi,July,62
601,C030,1,4,14-03-23,2:37:47,18-03-23,3:37:12,Raurkela Industrial Township,All Occasions,March,4
602,C042,43,5,11-02-23,10:17:25,11-11-23,6:02:00,Buxar,Diwali,February,273
603,C079,8,3,29-05-23,5:23:57,06-07-23,15:14:45,Tiruvottiyur,Anniversary,May,38
604,C069,39,3,31-01-23,19:54:56,02-03-23,21:24:38,Tadipatri,All Occasions,January,30
605,C068,45,2,21-12-23,22:21:06,25-12-23,20:49:33,Kakinada,Birthday,December,4
606,C047,3,5,02-08-23,2:13:13,17-02-23,7:31:32,Sambalpur,Valentine's Day,August,-166
607,C028,50,3,03-03-23,1:50:25,03-05-23,9:52:56,Bidhannagar,Holi,March,61
608,C030,55,5,28-08-23,20:30:15,09-01-23,7:14:20,Etawah,Raksha Bandhan,August,-231
609,C024,25,5,27-10-23,11:08:56,28-10-23,23:46:55,Hazaribagh,Anniversary,October,1
610,C068,5,3,01-03-23,17:25:41,01-05-23,0:11:36,Sirsa,All Occasions,March,61
611,C056,28,2,22-08-23,21:17:50,28-08-23,3:27:30,Latur,Raksha Bandhan,August,6
612,C075,26,1,03-02-23,10:22:25,03-08-23,12:39:50,Shivpuri,Holi,February,181
613,C063,4,5,11-10-23,17:54:34,14-11-23,19:18:27,Gwalior,Diwali,October,34
614,C089,26,1,03-03-23,15:36:13,03-07-23,18:51:41,Aizawl,Holi,March,122
615,C020,28,3,25-08-23,21:11:09,09-01-23,6:10:16,Allahabad,Raksha Bandhan,August,-228
616,C006,44,5,11-08-23,23:57:57,11-12-23,19:20:59,Phagwara,Diwali,August,122
617,C083,22,1,19-02-23,2:53:42,28-02-23,17:01:34,Uluberia,All Occasions,February,9
618,C073,60,4,11-05-23,16:09:13,15-11-23,17:21:36,Lucknow,Diwali,May,188
619,C091,35,1,03-06-23,7:18:46,16-03-23,3:17:33,Patiala,Holi,June,-79
620,C074,67,3,07-11-23,22:23:01,18-07-23,1:24:50,Chapra,Anniversary,November,-112
621,C070,64,3,20-08-23,7:17:03,28-08-23,1:32:49,Ahmedabad,Raksha Bandhan,August,8
622,C084,4,4,11-08-23,14:13:32,11-09-23,15:59:02,Bhiwandi,Diwali,August,31
623,C045,37,2,11-08-23,13:37:50,18-11-23,14:25:39,Lucknow,Diwali,August,99
624,C024,53,5,29-08-23,9:19:59,09-01-23,8:29:54,Ambala,Raksha Bandhan,August,-232
625,C089,63,5,23-02-23,21:15:42,03-04-23,2:46:06,Belgaum,All Occasions,February,39
626,C024,40,5,23-09-23,15:12:58,27-09-23,8:14:22,Bellary,Anniversary,September,4
627,C024,51,4,02-05-23,4:30:25,02-08-23,23:38:12,Sirsa,All Occasions,May,92
628,C061,11,5,02-10-23,21:50:27,13-02-23,21:07:46,Ongole,Valentine's Day,October,-231
629,C032,28,5,27-08-23,9:09:01,09-04-23,15:31:23,Sangli-Miraj & Kupwad,Raksha Bandhan,August,-140
630,C071,67,3,21-02-23,21:37:47,03-01-23,18:53:08,Karimnagar,Anniversary,February,-49
631,C044,32,4,13-04-23,21:41:50,17-04-23,3:45:03,Gopalpur,Birthday,April,4
632,C075,51,1,07-11-23,22:35:01,07-12-23,11:32:50,Adoni,All Occasions,November,30
633,C031,52,5,02-10-23,14:44:42,15-02-23,5:12:46,Surat,Valentine's Day,October,-229
634,C038,57,3,05-07-23,6:36:16,05-11-23,13:43:49,Fatehpur,Birthday,July,123
635,C095,67,1,11-12-23,18:37:11,22-11-23,7:23:32,Navi Mumbai,Anniversary,December,-19
636,C067,53,2,25-08-23,7:18:26,09-02-23,3:33:45,Panipat,Raksha Bandhan,August,-197
637,C056,51,3,03-12-23,19:29:26,20-03-23,22:34:14,Darbhanga,All Occasions,December,-258
638,C060,39,1,23-04-23,2:13:33,27-04-23,2:51:20,Mira-Bhayandar,All Occasions,April,4
639,C098,24,1,26-05-23,2:36:31,31-05-23,3:18:25,Amaravati,Birthday,May,5
640,C089,59,3,23-08-23,6:16:51,31-08-23,19:07:21,Bathinda,Raksha Bandhan,August,8
641,C063,15,4,18-05-23,23:59:56,26-05-23,19:14:55,South Dumdum,Anniversary,May,8
642,C021,44,5,11-02-23,5:26:04,11-07-23,0:29:51,Kozhikode,Diwali,February,150
643,C063,35,2,26-02-23,13:10:24,03-06-23,20:24:10,Malda,Holi,February,97
644,C050,67,1,09-01-23,14:54:36,09-11-23,11:21:18,Parbhani,Anniversary,January,304
645,C033,50,3,27-02-23,1:46:39,28-02-23,2:07:11,Danapur,Holi,February,1
646,C015,38,5,13-05-23,16:30:10,23-05-23,9:16:58,Morbi,Birthday,May,10
647,C069,21,5,25-08-23,17:00:25,26-08-23,1:29:04,Anantapuram,Raksha Bandhan,August,1
648,C040,41,3,11-05-23,19:06:16,11-09-23,8:25:00,Chittoor,Diwali,May,123
649,C053,43,3,11-02-23,3:05:41,11-11-23,8:55:15,Naihati,Diwali,February,273
650,C077,32,3,23-02-23,1:54:43,03-02-23,3:09:36,Guwahati,Birthday,February,-20
651,C017,11,4,13-02-23,2:16:28,19-02-23,11:55:54,Panihati,Valentine's Day,February,6
652,C032,21,2,28-08-23,19:41:09,09-03-23,0:01:31,Phagwara,Raksha Bandhan,August,-172
653,C076,17,4,29-11-23,13:38:07,12-01-23,5:52:11,Bhilwara,Anniversary,November,-321
654,C019,64,2,29-08-23,4:53:15,09-02-23,0:41:13,Jhansi,Raksha Bandhan,August,-201
655,C015,17,1,11-08-23,21:19:04,17-11-23,18:57:37,Jalna,Anniversary,August,98
656,C032,68,2,02-05-23,18:34:41,02-06-23,4:46:00,Dehri,Valentine's Day,May,31
657,C055,13,3,03-03-23,9:37:53,03-08-23,14:48:35,Kochi,Holi,March,153
658,C061,21,3,22-08-23,20:54:56,31-08-23,8:54:06,Srikakulam,Raksha Bandhan,August,9
659,C048,19,5,02-05-23,17:44:56,02-12-23,22:37:43,Silchar,Valentine's Day,May,214
660,C053,58,3,02-11-23,6:08:46,21-02-23,20:48:35,Amravati,Valentine's Day,November,-254
661,C018,22,2,14-01-23,23:51:27,19-01-23,9:50:46,Guwahati,All Occasions,January,5
662,C068,20,3,02-09-23,18:29:52,18-02-23,8:27:53,Hazaribagh,Anniversary,September,-196
663,C094,15,2,10-11-23,14:47:08,10-12-23,22:32:05,Hosur,Anniversary,November,30
664,C023,24,2,18-01-23,11:54:34,28-01-23,20:22:08,Hajipur,Birthday,January,10
665,C060,62,5,03-05-23,14:23:22,15-03-23,15:54:03,Akola,Holi,May,-49
666,C032,26,5,03-02-23,9:41:06,03-08-23,19:28:15,Jammu,Holi,February,181
667,C052,44,3,11-04-23,8:26:58,11-07-23,10:30:59,Alwar,Diwali,April,91
668,C009,55,2,21-08-23,10:09:53,30-08-23,16:32:49,Ajmer,Raksha Bandhan,August,9
669,C035,68,5,02-10-23,7:11:50,17-02-23,9:56:42,Ludhiana,Valentine's Day,October,-227
670,C057,23,5,06-01-23,5:47:59,06-10-23,5:09:00,Bhopal,Anniversary,January,273
671,C059,31,4,12-03-23,6:54:18,12-07-23,23:16:19,Karnal,All Occasions,March,122
672,C049,44,5,11-07-23,14:06:15,11-09-23,6:46:37,Saharanpur,Diwali,July,62
673,C008,33,3,02-04-23,5:54:49,02-07-23,4:25:38,Gaya,Valentine's Day,April,91
674,C065,68,2,02-07-23,9:41:25,16-02-23,23:40:25,Chennai,Valentine's Day,July,-136
675,C052,13,4,28-02-23,8:04:46,03-09-23,23:52:12,Pali,Holi,February,187
676,C038,46,4,18-02-23,12:42:24,20-02-23,20:52:32,Kanpur,Anniversary,February,2
677,C045,37,5,11-04-23,7:54:01,14-11-23,5:32:35,Panihati,Diwali,April,217
678,C020,31,5,09-10-23,14:23:59,20-09-23,10:13:07,Jalna,All Occasions,October,-19
679,C019,56,2,10-05-23,17:29:19,14-10-23,12:58:06,Durg,Anniversary,May,157
680,C018,56,1,12-02-23,22:20:31,12-08-23,2:33:10,Avadi,Anniversary,February,181
681,C098,23,5,29-01-23,10:08:06,02-05-23,12:01:28,Nashik,Anniversary,January,93
682,C054,50,5,26-02-23,7:31:16,03-05-23,11:32:33,Hyderabad,Holi,February,66
683,C024,27,3,23-08-23,21:26:58,30-08-23,19:25:08,Surendranagar Dudhrej,Raksha Bandhan,August,7
684,C029,70,3,17-09-23,1:33:50,25-09-23,2:44:39,Tumkur,Birthday,September,8
685,C054,22,1,09-01-23,21:04:40,09-11-23,8:30:45,Sikar,All Occasions,January,304
686,C026,50,1,03-01-23,16:29:38,03-11-23,21:37:59,Bardhaman,Holi,January,304
687,C098,8,5,15-03-23,17:57:15,19-03-23,4:50:54,Raichur,Anniversary,March,4
688,C015,54,2,28-01-23,19:02:07,30-01-23,13:51:22,Lucknow,Anniversary,January,2
689,C046,66,4,03-02-23,5:52:42,03-07-23,11:00:27,Silchar,Holi,February,150
690,C083,48,2,11-02-23,21:13:25,11-05-23,21:32:48,Jaunpur,Diwali,February,89
691,C002,48,5,11-06-23,5:22:43,11-10-23,11:08:26,Naihati,Diwali,June,122
692,C035,15,2,08-11-23,7:04:55,18-08-23,6:44:37,Tiruppur,Anniversary,November,-82
693,C041,4,5,11-04-23,23:48:55,11-07-23,5:31:27,Ghaziabad,Diwali,April,91
694,C018,23,2,15-04-23,19:26:27,21-04-23,16:58:51,Kozhikode,Anniversary,April,6
695,C046,23,4,03-05-23,16:36:52,14-03-23,17:01:44,Imphal,Anniversary,May,-50
696,C046,13,3,03-07-23,2:42:21,14-03-23,15:08:45,Rajpur Sonarpur,Holi,July,-111
697,C026,66,1,03-03-23,14:20:25,03-07-23,15:14:20,Ichalkaranji,Holi,March,122
698,C060,64,3,29-08-23,20:44:11,09-06-23,15:00:13,Ozhukarai,Raksha Bandhan,August,-81
699,C011,1,4,06-02-23,12:14:44,06-09-23,23:09:03,Chittoor,All Occasions,February,212
700,C006,6,1,03-04-23,18:17:57,03-09-23,13:43:07,Gwalior,Holi,April,153
701,C080,41,5,11-07-23,10:57:34,11-11-23,4:56:26,Tezpur,Diwali,July,123
702,C067,60,1,11-10-23,8:44:24,18-11-23,6:26:10,Giridih,Diwali,October,38
703,C070,53,4,23-08-23,16:19:39,09-01-23,6:12:05,Khammam,Raksha Bandhan,August,-226
704,C061,55,4,29-08-23,2:27:10,30-08-23,13:36:34,Jalgaon,Raksha Bandhan,August,1
705,C004,7,1,03-05-23,18:18:01,14-03-23,17:57:09,Pimpri-Chinchwad,Holi,May,-50
706,C091,67,2,26-04-23,5:35:11,05-04-23,13:13:10,Madurai,Anniversary,April,-21
707,C036,70,4,02-03-23,6:17:26,02-12-23,1:04:19,Tirunelveli,Birthday,March,275
708,C002,62,3,03-03-23,10:59:15,03-12-23,5:05:35,Ozhukarai,Holi,March,275
709,C016,53,5,29-08-23,4:38:05,09-07-23,17:29:15,Kolkata,Raksha Bandhan,August,-51
710,C087,54,5,22-05-23,1:33:03,29-05-23,1:43:52,Jalna,Anniversary,May,7
711,C093,68,3,02-04-23,17:15:28,02-06-23,14:50:53,Tiruppur,Valentine's Day,April,61
712,C057,65,5,07-11-23,13:00:12,13-07-23,6:34:57,Hazaribagh,All Occasions,November,-117
713,C081,37,3,11-08-23,23:24:22,15-11-23,22:51:21,Tiruppur,Diwali,August,96
714,C053,63,2,06-01-23,19:28:09,06-03-23,7:54:01,Dhule,All Occasions,January,59
715,C069,38,4,14-04-23,5:16:43,21-04-23,16:39:31,Tenali,Birthday,April,7
716,C076,40,3,19-08-23,23:18:12,26-08-23,1:39:58,Berhampore,Anniversary,August,7
717,C059,67,5,25-06-23,6:18:32,26-06-23,23:20:48,Yamunanagar,Anniversary,June,1
718,C028,49,1,02-09-23,5:13:35,13-02-23,6:22:05,Jabalpur,Valentine's Day,September,-201
719,C092,57,3,07-12-23,7:44:51,19-07-23,1:51:24,Phagwara,Birthday,December,-141
720,C045,22,5,15-12-23,14:42:41,20-12-23,6:07:08,Vellore,All Occasions,December,5
721,C022,3,5,02-07-23,3:28:21,17-02-23,18:28:02,Vasai-Virar,Valentine's Day,July,-135
722,C044,13,5,03-02-23,17:30:25,03-08-23,8:06:58,Mathura,Holi,February,181
723,C045,14,3,02-04-23,18:00:57,02-05-23,0:57:28,Mau,Birthday,April,30
724,C059,51,1,04-08-23,23:02:18,16-04-23,8:00:19,Pallavaram,All Occasions,August,-110
725,C035,35,3,03-06-23,23:23:18,03-11-23,20:03:47,Kishanganj,Holi,June,153
726,C044,34,2,21-08-23,19:10:31,31-08-23,18:54:28,Hindupur,Raksha Bandhan,August,10
727,C061,12,5,18-11-23,1:37:03,22-11-23,16:22:32,Anand,Anniversary,November,4
728,C073,52,2,02-08-23,13:45:46,02-11-23,16:07:16,Panchkula,Valentine's Day,August,92
729,C030,17,1,23-02-23,18:19:53,25-02-23,11:51:19,Kollam,Anniversary,February,2
730,C097,59,1,22-08-23,2:04:03,25-08-23,22:39:30,Sangli-Miraj & Kupwad,Raksha Bandhan,August,3
731,C083,59,5,25-08-23,12:01:20,09-02-23,11:02:31,Bulandshahr,Raksha Bandhan,August,-197
732,C087,1,2,16-10-23,16:47:12,21-10-23,18:56:15,Bongaigaon,All Occasions,October,5
733,C060,32,3,04-01-23,0:51:37,04-03-23,2:26:43,Ludhiana,Birthday,January,59
734,C008,49,3,02-11-23,11:44:37,14-02-23,9:06:06,Morena,Valentine's Day,November,-261
735,C037,56,1,02-02-23,7:22:26,02-04-23,5:57:58,Nandyal,Anniversary,February,59
736,C008,70,5,05-02-23,3:47:04,05-11-23,4:38:44,Ghaziabad,Birthday,February,273
737,C068,46,5,14-09-23,7:35:50,17-09-23,13:37:05,Bhilwara,Anniversary,September,3
738,C098,16,5,03-03-23,16:23:38,03-09-23,1:36:32,Maheshtala,Holi,March,184
739,C094,24,5,30-01-23,9:43:50,02-03-23,10:33:33,Berhampur,Birthday,January,31
740,C004,56,4,11-07-23,16:11:58,11-12-23,10:07:51,Silchar,Anniversary,July,153
741,C072,53,5,23-08-23,12:47:09,09-01-23,21:37:19,Siwan,Raksha Bandhan,August,-226
742,C089,53,5,24-08-23,19:50:07,26-08-23,15:58:06,Panchkula,Raksha Bandhan,August,2
743,C045,4,2,11-09-23,13:28:07,13-11-23,1:16:24,Tiruppur,Diwali,September,63
744,C023,45,4,13-10-23,17:53:21,14-10-23,8:02:05,Junagadh,Birthday,October,1
745,C052,44,1,11-07-23,9:12:26,11-09-23,0:30:04,Kolkata,Diwali,July,62
746,C051,35,2,03-02-23,5:23:29,03-06-23,6:24:41,Parbhani,Holi,February,120
747,C009,6,4,03-06-23,3:43:24,03-11-23,16:38:35,Dhanbad,Holi,June,153
748,C079,26,1,03-06-23,11:13:52,03-07-23,20:26:40,Tenali,Holi,June,30
749,C099,12,2,19-06-23,13:13:17,24-06-23,3:37:13,Nanded,Anniversary,June,5
750,C022,19,3,02-08-23,9:22:41,14-02-23,22:24:42,Chapra,Valentine's Day,August,-169
751,C084,23,5,04-10-23,7:12:34,15-04-23,1:52:34,Gandhidham,Anniversary,October,-172
752,C034,3,5,02-10-23,11:38:01,02-12-23,10:35:58,Bally,Valentine's Day,October,61
753,C045,60,1,11-06-23,6:55:38,11-12-23,4:49:01,Tinsukia,Diwali,June,183
754,C083,51,2,11-01-23,20:40:33,11-08-23,22:13:13,Pimpri-Chinchwad,All Occasions,January,212
755,C037,6,5,27-02-23,16:33:26,03-06-23,2:16:52,Aurangabad,Holi,February,96
756,C034,51,4,29-07-23,18:25:27,08-03-23,9:56:02,Buxar,All Occasions,July,-143
757,C001,2,3,02-12-23,10:23:53,20-02-23,4:40:28,Shivpuri,Valentine's Day,December,-285
758,C043,40,5,16-10-23,9:12:26,20-10-23,3:46:58,Ajmer,Anniversary,October,4
759,C084,48,5,11-02-23,6:12:14,11-11-23,6:06:56,Bathinda,Diwali,February,273
760,C043,18,1,19-09-23,2:28:05,21-09-23,13:29:38,Ghaziabad,Birthday,September,2
761,C008,24,5,18-04-23,3:25:13,25-04-23,11:53:46,Ambala,Birthday,April,7
762,C064,50,1,26-02-23,10:11:19,03-01-23,3:56:20,Bangalore,Holi,February,-54
763,C070,29,4,03-02-23,15:22:09,03-04-23,4:30:07,Nellore,Holi,February,59
764,C039,65,3,08-01-23,19:59:36,08-05-23,9:24:36,Berhampur,All Occasions,January,120
765,C055,41,2,11-03-23,2:37:40,11-06-23,3:52:27,Ambala,Diwali,March,92
766,C077,1,4,07-02-23,16:28:53,07-07-23,0:19:44,Hospet,All Occasions,February,150
767,C077,13,2,03-03-23,2:21:13,03-04-23,0:14:53,Rohtak,Holi,March,31
768,C087,1,1,11-11-23,18:37:41,16-11-23,12:19:42,Howrah,All Occasions,November,5
769,C029,28,2,25-08-23,9:37:39,09-02-23,20:10:20,Ongole,Raksha Bandhan,August,-197
770,C080,25,3,29-05-23,0:20:57,06-07-23,9:39:12,Pallavaram,Anniversary,May,38
771,C056,9,2,26-08-23,17:00:07,09-01-23,10:54:16,Vijayanagaram,Raksha Bandhan,August,-229
772,C085,35,5,03-01-23,5:03:06,03-04-23,8:20:05,Machilipatnam,Holi,January,90
773,C031,39,4,01-07-23,2:11:24,13-01-23,23:47:54,Karaikudi,All Occasions,July,-169
774,C051,65,5,17-06-23,21:28:21,27-06-23,3:01:20,Begusarai,All Occasions,June,10
775,C077,45,1,19-02-23,3:48:10,24-02-23,23:31:47,Anand,Birthday,February,5
776,C051,43,1,11-09-23,7:28:54,11-12-23,21:39:04,Alwar,Diwali,September,91
777,C016,70,3,24-02-23,15:33:57,27-02-23,11:29:39,Bhusawal,Birthday,February,3
778,C033,61,4,05-10-23,3:58:40,13-05-23,11:57:17,Raebareli,Anniversary,October,-145
779,C052,3,1,02-06-23,6:26:37,02-08-23,2:51:51,Durgapur,Valentine's Day,June,61
780,C070,33,2,02-10-23,11:30:51,13-02-23,4:28:25,Bikaner,Valentine's Day,October,-231
781,C084,40,2,27-09-23,15:26:58,10-05-23,19:39:28,Muzaffarnagar,Anniversary,September,-140
782,C087,22,4,18-04-23,5:41:20,26-04-23,19:25:29,Shimoga,All Occasions,April,8
783,C024,55,5,28-08-23,4:31:27,29-08-23,5:10:51,Visakhapatnam,Raksha Bandhan,August,1
784,C042,56,2,06-02-23,8:25:52,06-07-23,6:16:19,Bhalswa Jahangir Pur,Anniversary,February,150
785,C052,47,5,26-02-23,17:41:34,03-01-23,13:09:23,Jodhpur,Holi,February,-54
786,C003,47,1,03-05-23,22:47:05,03-07-23,7:16:53,Kirari Suleman Nagar,Holi,May,61
787,C069,9,1,25-08-23,21:42:12,27-08-23,14:10:59,Ambarnath,Raksha Bandhan,August,2
788,C099,53,3,24-08-23,4:58:58,27-08-23,8:56:52,Durgapur,Raksha Bandhan,August,3
789,C048,58,4,02-08-23,18:19:36,15-02-23,8:00:31,Bally,Valentine's Day,August,-168
790,C046,26,2,28-02-23,6:03:29,03-08-23,4:20:38,Chennai,Holi,February,156
791,C093,51,2,05-06-23,2:29:51,05-09-23,6:53:48,Bhubaneswar,All Occasions,June,92
792,C015,43,2,11-09-23,7:00:56,11-10-23,5:14:12,Munger,Diwali,September,30
793,C095,58,5,02-05-23,17:37:16,15-02-23,1:28:17,Mirzapur,Valentine's Day,May,-76
794,C079,13,4,03-04-23,17:11:58,03-09-23,14:51:06,Shimoga,Holi,April,153
795,C070,7,1,03-03-23,17:58:36,03-07-23,22:17:46,Ujjain,Holi,March,122
796,C002,61,4,05-05-23,7:53:26,14-05-23,8:08:25,Rajkot,Anniversary,May,9
797,C047,13,2,03-03-23,20:57:50,03-10-23,4:29:03,Tiruvottiyur,Holi,March,214
798,C043,30,5,17-12-23,17:35:18,26-12-23,1:52:09,Sultan Pur Majra,Anniversary,December,9
799,C084,32,5,22-10-23,1:50:09,11-01-23,20:22:26,Patna,Birthday,October,-284
800,C014,24,5,17-06-23,21:50:22,21-06-23,7:12:59,Machilipatnam,Birthday,June,4
801,C058,35,1,03-07-23,19:15:48,15-03-23,6:35:12,Dindigul,Holi,July,-110
802,C097,45,3,23-03-23,12:37:23,26-03-23,6:19:00,Dibrugarh,Birthday,March,3
803,C040,26,1,03-03-23,12:03:48,03-10-23,2:50:05,Sambalpur,Holi,March,214
804,C009,3,3,02-05-23,5:37:18,02-07-23,1:58:08,Deoghar,Valentine's Day,May,61
805,C028,24,3,06-11-23,14:39:08,14-06-23,18:07:19,Bareilly,Birthday,November,-145
806,C088,29,2,28-02-23,13:01:22,03-08-23,6:38:58,Jhansi,Holi,February,156
807,C006,40,4,29-11-23,16:20:19,12-09-23,3:09:57,Bhopal,Anniversary,November,-78
808,C002,9,2,29-08-23,15:36:39,30-08-23,10:11:21,Raurkela Industrial Township,Raksha Bandhan,August,1
809,C062,35,1,03-07-23,19:50:47,17-03-23,1:51:34,Ludhiana,Holi,July,-108
810,C059,24,3,15-12-23,5:57:14,17-12-23,12:05:52,New Delhi,Birthday,December,2
811,C020,14,5,18-10-23,12:04:11,25-10-23,21:55:52,Bellary,Birthday,October,7
812,C058,40,2,12-12-23,17:19:49,14-12-23,1:28:32,Ongole,Anniversary,December,2
813,C094,32,4,19-01-23,8:53:43,23-01-23,22:01:01,Bhind,Birthday,January,4
814,C094,47,5,03-05-23,1:59:20,14-03-23,4:41:16,Kumbakonam,Holi,May,-50
815,C098,61,3,29-09-23,7:08:13,10-08-23,14:46:18,Bhatpara,Anniversary,September,-50
816,C042,35,3,28-02-23,19:44:25,03-10-23,13:41:37,Ujjain,Holi,February,217
817,C066,21,2,28-08-23,5:37:00,09-01-23,22:05:03,Jalandhar,Raksha Bandhan,August,-231
818,C004,8,4,03-02-23,7:51:06,03-09-23,9:07:41,Thrissur,Anniversary,February,212
819,C052,55,5,22-08-23,13:05:23,24-08-23,1:32:28,Kottayam,Raksha Bandhan,August,2
820,C033,64,3,22-08-23,5:51:43,26-08-23,4:52:23,Hapur,Raksha Bandhan,August,4
821,C050,32,4,27-02-23,20:15:31,03-07-23,22:46:00,Bareilly,Birthday,February,126
822,C075,41,5,11-09-23,3:23:06,11-12-23,4:15:17,Indore,Diwali,September,91
823,C087,64,3,27-08-23,15:23:25,09-01-23,14:52:40,Alappuzha,Raksha Bandhan,August,-230
824,C097,46,4,05-06-23,7:56:11,05-07-23,15:23:52,Muzaffarpur,Anniversary,June,30
825,C044,25,5,30-06-23,10:50:24,07-01-23,18:08:04,Nellore,Anniversary,June,-174
826,C077,16,5,03-02-23,20:02:07,03-08-23,6:16:18,Udaipur,Holi,February,181
827,C086,9,1,29-08-23,22:10:46,30-08-23,0:51:55,Surendranagar Dudhrej,Raksha Bandhan,August,1
828,C044,8,3,24-10-23,16:47:01,11-01-23,22:18:58,Gwalior,Anniversary,October,-286
829,C020,42,4,19-12-23,18:35:41,26-12-23,10:18:04,Visakhapatnam,All Occasions,December,7
830,C007,46,2,01-12-23,19:18:53,15-01-23,5:04:21,Indore,Anniversary,December,-320
831,C079,56,5,24-05-23,18:41:33,06-03-23,19:06:17,Rajahmundry,Anniversary,May,-79
832,C026,65,4,02-01-23,18:56:24,02-10-23,2:19:29,Etawah,All Occasions,January,273
833,C002,26,3,03-05-23,0:40:48,13-03-23,1:40:17,Shahjahanpur,Holi,May,-51
834,C029,60,5,11-03-23,18:35:20,11-12-23,14:01:49,Thrissur,Diwali,March,275
835,C089,32,2,07-05-23,17:35:53,07-06-23,23:34:11,Cuttack,Birthday,May,31
836,C020,44,5,11-08-23,2:36:05,11-11-23,3:11:27,Tumkur,Diwali,August,92
837,C036,14,5,19-12-23,12:57:12,21-12-23,0:00:36,Raebareli,Birthday,December,2
838,C003,19,3,02-09-23,10:18:01,17-02-23,6:09:40,Sirsa,Valentine's Day,September,-197
839,C072,51,4,11-02-23,3:51:23,11-12-23,1:49:51,Udupi,All Occasions,February,303
840,C031,67,2,13-01-23,19:19:35,16-01-23,11:50:30,Tirunelveli,Anniversary,January,3
841,C041,26,5,03-07-23,6:16:00,03-12-23,23:16:39,Bhalswa Jahangir Pur,Holi,July,153
842,C085,46,2,29-12-23,17:11:33,01-01-24,2:27:46,Kulti,Anniversary,December,3
843,C007,68,1,02-11-23,21:46:03,02-12-23,19:27:09,Bikaner,Valentine's Day,November,30
844,C067,51,1,10-09-23,19:12:55,10-10-23,9:48:27,Satara,All Occasions,September,30
845,C032,57,5,17-10-23,18:51:16,25-10-23,2:55:03,Hospet,Birthday,October,8
846,C069,15,4,28-11-23,2:47:39,12-02-23,6:56:03,Bhalswa Jahangir Pur,Anniversary,November,-289
847,C009,44,4,11-07-23,18:10:17,11-12-23,10:21:36,Bareilly,Diwali,July,153
848,C005,6,1,03-06-23,16:52:57,03-10-23,22:26:48,Shimla,Holi,June,122
849,C013,57,1,03-12-23,1:16:48,14-03-23,0:50:03,Panipat,Birthday,December,-264
850,C092,21,4,23-08-23,23:15:17,25-08-23,10:31:01,Darbhanga,Raksha Bandhan,August,2
851,C030,13,3,03-06-23,11:31:57,03-10-23,18:17:54,Singrauli,Holi,June,122
852,C035,44,2,11-11-23,9:41:46,14-11-23,14:15:30,Ozhukarai,Diwali,November,3
853,C050,51,3,17-09-23,21:14:53,23-09-23,14:27:28,Jorhat,All Occasions,September,6
854,C016,62,3,27-02-23,2:00:33,03-02-23,2:51:29,Bhind,Holi,February,-24
855,C033,57,5,08-07-23,23:50:11,17-08-23,20:15:43,Allahabad,Birthday,July,40
856,C077,21,2,27-08-23,17:40:11,09-02-23,16:16:50,Kanpur,Raksha Bandhan,August,-199
857,C053,63,1,02-09-23,9:22:18,18-02-23,14:00:44,Bareilly,All Occasions,September,-196
858,C046,44,4,11-08-23,1:51:48,11-09-23,16:01:24,Saharanpur,Diwali,August,31
859,C047,43,1,11-10-23,7:06:21,15-11-23,1:46:27,Varanasi,Diwali,October,35
860,C064,14,1,01-10-23,19:29:59,13-01-23,13:30:30,Adoni,Birthday,October,-261
861,C030,32,1,02-09-23,8:19:31,14-02-23,2:37:34,Bidar,Birthday,September,-200
862,C049,6,4,03-07-23,5:51:14,15-03-23,8:23:47,Shimoga,Holi,July,-110
863,C099,20,3,06-05-23,9:28:04,15-06-23,3:13:05,Jehanabad,Anniversary,May,40
864,C033,11,1,02-11-23,19:34:22,15-02-23,8:05:38,Lucknow,Valentine's Day,November,-260
865,C032,19,1,02-12-23,18:09:14,13-02-23,6:38:00,Kumbakonam,Valentine's Day,December,-292
866,C021,15,5,08-10-23,20:06:37,08-11-23,8:02:41,Medininagar,Anniversary,October,31
867,C014,48,1,11-02-23,12:22:06,11-04-23,5:08:47,Hajipur,Diwali,February,59
868,C099,32,1,22-08-23,1:01:17,30-08-23,10:09:12,Anand,Birthday,August,8
869,C032,3,5,02-06-23,10:03:19,02-11-23,23:16:28,Hazaribagh,Valentine's Day,June,153
870,C018,43,5,11-05-23,15:13:46,11-07-23,6:49:39,Pallavaram,Diwali,May,61
871,C062,15,1,06-11-23,6:05:30,15-06-23,20:56:56,Secunderabad,Anniversary,November,-144
872,C094,13,2,03-05-23,20:27:57,03-10-23,1:32:23,Bokaro,Holi,May,153
873,C027,64,4,26-08-23,10:57:00,09-05-23,15:45:27,Nandyal,Raksha Bandhan,August,-109
874,C010,68,1,02-11-23,12:42:30,21-02-23,17:35:44,Ramagundam,Valentine's Day,November,-254
875,C011,13,1,03-05-23,21:22:31,14-03-23,19:57:46,Purnia,Holi,May,-50
876,C016,4,4,11-06-23,9:38:36,14-11-23,20:47:44,Jaunpur,Diwali,June,156
877,C041,46,5,03-09-23,23:16:16,18-03-23,12:27:24,Hazaribagh,Anniversary,September,-169
878,C057,4,2,11-10-23,16:36:59,19-11-23,16:45:34,Singrauli,Diwali,October,39
879,C092,33,2,02-07-23,5:34:34,02-10-23,11:27:38,Kishanganj,Valentine's Day,July,92
880,C044,34,5,29-08-23,22:14:26,31-08-23,4:54:50,Purnia,Raksha Bandhan,August,2
881,C015,28,4,21-08-23,15:17:42,28-08-23,12:59:45,New Delhi,Raksha Bandhan,August,7
882,C089,64,2,29-08-23,5:32:40,09-08-23,16:14:53,Srikakulam,Raksha Bandhan,August,-20
883,C041,36,4,16-07-23,19:44:04,17-07-23,21:03:02,Shahjahanpur,Birthday,July,1
884,C091,10,3,18-03-23,22:15:44,27-03-23,18:59:55,Tezpur,Birthday,March,9
885,C084,42,2,17-10-23,19:52:58,21-10-23,18:46:10,Pudukkottai,All Occasions,October,4
886,C045,53,3,21-08-23,8:23:02,25-08-23,19:52:35,Nanded,Raksha Bandhan,August,4
887,C091,51,3,29-06-23,17:20:29,30-06-23,9:55:50,Visakhapatnam,All Occasions,June,1
888,C014,69,3,03-06-23,11:34:43,03-11-23,15:14:09,Gandhinagar,Holi,June,153
889,C050,36,3,16-08-23,23:06:44,18-08-23,10:05:02,Bangalore,Birthday,August,2
890,C064,45,4,23-03-23,23:25:20,27-03-23,11:38:15,Kharagpur,Birthday,March,4
891,C027,58,2,02-08-23,14:56:43,16-02-23,23:54:45,Shivpuri,Valentine's Day,August,-167
892,C025,11,4,02-06-23,18:33:04,02-07-23,1:26:54,Thrissur,Valentine's Day,June,30
893,C010,63,3,28-03-23,15:40:42,04-07-23,14:49:23,Sangli-Miraj & Kupwad,All Occasions,March,98
894,C092,54,4,14-10-23,14:05:43,21-10-23,23:10:21,Proddatur,Anniversary,October,7
895,C066,45,1,28-03-23,18:45:56,04-06-23,2:53:40,Sambhal,Birthday,March,68
896,C053,46,1,04-05-23,4:13:55,04-10-23,12:50:15,Haldia,Anniversary,May,153
897,C031,34,5,25-08-23,7:53:21,09-01-23,14:02:50,Dhule,Raksha Bandhan,August,-228
898,C018,52,1,02-09-23,6:18:52,13-02-23,23:13:42,Kadapa,Valentine's Day,September,-201
899,C011,63,1,17-12-23,21:29:55,24-12-23,0:16:41,Bijapur,All Occasions,December,7
900,C027,57,3,04-07-23,15:09:00,15-04-23,8:30:53,Sagar,Birthday,July,-80
901,C043,27,4,22-08-23,7:55:38,27-08-23,1:32:30,Deoghar,Raksha Bandhan,August,5
902,C025,32,5,22-03-23,13:29:55,24-03-23,12:24:01,Bidar,Birthday,March,2
903,C066,63,2,15-09-23,17:42:23,22-09-23,19:28:38,Bhusawal,All Occasions,September,7
904,C013,2,4,02-12-23,22:05:48,17-02-23,1:05:37,Mira-Bhayandar,Valentine's Day,December,-288
905,C080,58,1,02-10-23,19:31:35,16-02-23,8:32:14,Ichalkaranji,Valentine's Day,October,-228
906,C100,49,3,02-06-23,1:16:20,16-02-23,9:14:48,Jalandhar,Valentine's Day,June,-106
907,C046,30,2,19-04-23,21:36:41,25-04-23,11:12:03,Burhanpur,Anniversary,April,6
908,C090,28,5,22-08-23,15:51:25,24-08-23,22:50:08,Ozhukarai,Raksha Bandhan,August,2
909,C084,42,1,11-04-23,7:43:51,11-08-23,22:25:25,Hyderabad,All Occasions,April,122
910,C066,55,4,26-08-23,2:03:23,09-04-23,17:03:10,Kamarhati,Raksha Bandhan,August,-139
911,C071,22,4,23-01-23,5:18:52,28-01-23,1:35:19,Nangloi Jat,All Occasions,January,5
912,C062,9,4,29-08-23,3:09:59,09-06-23,11:36:14,Ghaziabad,Raksha Bandhan,August,-81
913,C092,56,5,12-10-23,18:39:24,12-12-23,5:37:07,Bharatpur,Anniversary,October,61
914,C048,33,4,02-09-23,14:52:18,14-02-23,9:47:20,Sambhal,Valentine's Day,September,-200
915,C014,35,1,03-06-23,21:12:40,14-03-23,5:32:37,Uluberia,Holi,June,-81
916,C063,33,2,02-06-23,4:23:09,14-02-23,21:19:24,Darbhanga,Valentine's Day,June,-108
917,C052,12,3,24-01-23,5:56:54,29-01-23,11:04:23,Bareilly,Anniversary,January,5
918,C083,19,2,02-12-23,18:13:06,21-02-23,22:02:06,Pali,Valentine's Day,December,-284
919,C038,35,5,28-02-23,8:27:53,03-04-23,0:05:29,Delhi,Holi,February,34
920,C026,45,1,29-06-23,20:23:05,07-08-23,23:41:37,Gorakhpur,Birthday,June,39
921,C078,23,4,18-09-23,13:52:40,23-09-23,7:22:26,Ghaziabad,Anniversary,September,5
922,C009,23,1,14-12-23,9:16:24,18-12-23,8:03:37,Mahbubnagar,Anniversary,December,4
923,C034,7,4,27-02-23,14:37:32,28-02-23,22:01:37,Ahmedabad,Holi,February,1
924,C013,17,1,25-03-23,9:47:09,04-04-23,22:56:05,Sagar,Anniversary,March,10
925,C012,31,1,01-08-23,0:55:51,01-12-23,6:39:07,Pallavaram,All Occasions,August,122
926,C049,40,4,28-03-23,23:01:58,31-03-23,23:51:25,Kulti,Anniversary,March,3
927,C100,43,4,11-03-23,6:38:15,11-11-23,5:00:17,Gopalpur,Diwali,March,245
928,C012,23,3,19-11-23,11:06:24,27-11-23,10:16:12,Bihar Sharif,Anniversary,November,8
929,C085,23,1,19-03-23,7:00:52,26-03-23,13:02:32,Kavali,Anniversary,March,7
930,C083,61,3,06-03-23,15:52:31,06-07-23,19:41:15,Gangtok,Anniversary,March,122
931,C053,14,1,17-04-23,19:48:12,19-04-23,10:25:35,Mahbubnagar,Birthday,April,2
932,C038,63,2,29-10-23,16:32:30,11-02-23,22:17:11,Durgapur,All Occasions,October,-260
933,C038,51,3,14-11-23,12:17:01,23-11-23,2:50:02,Muzaffarnagar,All Occasions,November,9
934,C022,27,5,22-08-23,0:41:04,23-08-23,8:38:52,Agartala,Raksha Bandhan,August,1
935,C046,27,5,20-08-23,9:38:15,29-08-23,17:18:37,Kurnool,Raksha Bandhan,August,9
936,C045,43,4,11-02-23,21:26:31,11-08-23,10:03:32,Bardhaman,Diwali,February,181
937,C097,51,2,03-11-23,3:57:43,15-03-23,19:27:13,Rohtak,All Occasions,November,-233
938,C005,59,3,29-08-23,18:12:49,09-08-23,1:17:33,Ratlam,Raksha Bandhan,August,-20
939,C084,9,4,20-08-23,20:55:05,21-08-23,4:36:14,Bhilai,Raksha Bandhan,August,1
940,C082,57,4,01-11-23,23:38:25,01-12-23,4:04:53,Orai,Birthday,November,30
941,C058,18,4,19-05-23,9:16:07,22-05-23,10:28:01,Bidar,Birthday,May,3
942,C024,51,1,23-12-23,4:59:43,26-12-23,15:56:22,Surat,All Occasions,December,3
943,C026,22,4,19-02-23,14:27:09,22-02-23,19:05:59,Narasaraopet,All Occasions,February,3
944,C024,67,4,17-11-23,20:34:33,21-11-23,16:40:40,Amravati,Anniversary,November,4
945,C038,18,2,30-07-23,12:00:02,08-06-23,12:44:49,Raebareli,Birthday,July,-52
946,C050,17,4,12-02-23,11:07:29,12-09-23,17:43:17,Ratlam,Anniversary,February,212
947,C100,38,3,10-06-23,19:16:19,10-08-23,23:24:47,Nadiad,Birthday,June,61
948,C061,26,3,03-04-23,18:21:51,03-07-23,13:11:26,Dehradun,Holi,April,91
949,C020,6,4,27-02-23,20:55:01,03-06-23,9:35:17,Begusarai,Holi,February,96
950,C014,39,3,16-10-23,19:31:00,18-10-23,21:09:20,Tiruchirappalli,All Occasions,October,2
951,C024,20,1,23-11-23,15:34:09,25-11-23,19:03:34,Bongaigaon,Anniversary,November,2
952,C027,49,4,02-12-23,2:48:07,22-02-23,9:19:09,Bidar,Valentine's Day,December,-283
953,C076,40,1,09-03-23,0:26:01,09-04-23,7:33:50,Varanasi,Anniversary,March,31
954,C063,44,3,11-02-23,4:01:43,11-03-23,18:21:01,Ballia,Diwali,February,28
955,C015,24,4,06-03-23,0:30:48,06-07-23,9:07:26,Singrauli,Birthday,March,122
956,C037,34,5,29-08-23,4:52:24,09-03-23,14:53:28,Sagar,Raksha Bandhan,August,-173
957,C038,23,1,15-12-23,1:56:38,17-12-23,21:07:55,Kanpur,Anniversary,December,2
958,C009,16,3,03-07-23,14:02:57,14-03-23,22:04:41,Bihar Sharif,Holi,July,-111
959,C098,40,1,21-12-23,1:54:46,26-12-23,21:05:45,Raebareli,Anniversary,December,5
960,C032,48,3,11-05-23,5:25:49,11-08-23,9:56:17,Nadiad,Diwali,May,92
961,C016,1,5,02-01-23,6:49:28,02-10-23,20:54:38,Gulbarga,All Occasions,January,273
962,C028,17,5,29-09-23,11:55:53,10-01-23,16:15:08,Kalyan-Dombivli,Anniversary,September,-262
963,C025,29,1,03-03-23,8:44:19,03-06-23,10:36:46,Phagwara,Holi,March,92
964,C098,32,4,19-10-23,6:39:41,23-10-23,22:22:39,Jammu,Birthday,October,4
965,C080,62,1,03-02-23,3:15:10,03-06-23,17:20:22,Amaravati,Holi,February,120
966,C061,13,2,03-01-23,2:21:06,03-10-23,10:22:53,Nellore,Holi,January,273
967,C041,68,4,02-12-23,0:21:23,20-02-23,18:29:48,Siliguri,Valentine's Day,December,-285
968,C002,9,2,25-08-23,23:55:22,09-01-23,20:24:11,Jaunpur,Raksha Bandhan,August,-228
969,C004,42,4,30-08-23,22:56:34,09-03-23,3:22:59,Khammam,All Occasions,August,-174
970,C020,54,4,13-04-23,3:26:33,21-04-23,21:37:17,Siliguri,Anniversary,April,8
971,C027,47,1,03-02-23,4:02:13,03-10-23,19:17:36,Sultan Pur Majra,Holi,February,242
972,C026,30,2,30-04-23,1:34:34,05-02-23,5:27:14,Ujjain,Anniversary,April,-84
973,C031,66,3,26-02-23,10:35:55,03-07-23,3:46:24,Barasat,Holi,February,127
974,C014,17,4,11-04-23,19:16:59,11-07-23,16:11:27,Pallavaram,Anniversary,April,91
975,C077,62,2,03-04-23,0:26:32,03-12-23,8:03:42,Sultan Pur Majra,Holi,April,244
976,C017,17,2,19-05-23,7:11:09,20-05-23,8:38:28,Raichur,Anniversary,May,1
977,C005,47,2,03-05-23,12:33:31,03-07-23,23:39:44,Rajpur Sonarpur,Holi,May,61
978,C019,29,4,28-02-23,8:59:15,03-09-23,6:31:07,Barasat,Holi,February,187
979,C030,9,4,28-08-23,18:43:04,31-08-23,20:12:58,Adoni,Raksha Bandhan,August,3
980,C067,12,5,21-09-23,20:35:26,30-09-23,0:43:39,Bijapur,Anniversary,September,9
981,C014,46,2,04-02-23,20:01:08,04-03-23,20:21:37,Dehradun,Anniversary,February,28
982,C019,47,4,28-02-23,18:56:23,03-04-23,3:11:23,Srinagar,Holi,February,34
983,C094,70,1,25-03-23,9:39:44,04-01-23,6:38:43,Satna,Birthday,March,-80
984,C058,65,1,08-03-23,22:31:02,08-07-23,16:39:11,Ballia,All Occasions,March,122
985,C070,31,4,10-05-23,11:27:20,13-10-23,16:53:35,Ludhiana,All Occasions,May,156
986,C086,1,2,11-03-23,16:41:54,11-05-23,22:43:28,Bally,All Occasions,March,61
987,C018,65,3,20-12-23,9:13:17,25-12-23,4:10:09,Bulandshahr,All Occasions,December,5
988,C020,4,3,11-10-23,9:47:17,15-11-23,10:29:19,Mau,Diwali,October,35
989,C017,52,3,02-06-23,8:11:27,15-02-23,2:00:04,Bidhannagar,Valentine's Day,June,-107
990,C021,42,2,12-04-23,22:20:00,12-08-23,23:57:55,Amritsar,All Occasions,April,122
991,C054,36,5,02-09-23,15:01:12,15-02-23,17:16:56,Barasat,Birthday,September,-199
992,C091,43,3,11-02-23,14:09:04,11-03-23,19:32:39,Chittoor,Diwali,February,28
993,C082,61,5,10-08-23,21:34:06,14-10-23,15:55:58,Kishanganj,Anniversary,August,65
994,C004,68,2,13-02-23,22:44:36,21-02-23,6:45:30,Chandigarh,Valentine's Day,February,8
995,C089,57,2,20-07-23,0:40:38,27-07-23,11:42:03,Muzaffarnagar,Birthday,July,7
996,C077,25,5,13-05-23,6:55:09,19-05-23,5:41:20,Faridabad,Anniversary,May,6
997,C098,19,2,02-04-23,4:28:27,02-10-23,11:50:24,Vasai-Virar,Valentine's Day,April,183
998,C046,44,1,11-06-23,16:17:11,14-11-23,4:33:25,Ballia,Diwali,June,156
999,C054,52,2,02-06-23,22:40:49,02-10-23,12:29:21,Miryalaguda,Valentine's Day,June,122
1000,C012,27,4,25-08-23,1:22:43,31-08-23,6:57:59,Tadepalligudem,Raksha Bandhan,August,6
